date,open,high,close,low,volume,price_change,p_change,ma5,ma10,ma20,v_ma5,v_ma10,v_ma20,turnover
2020/10/30,1678,1696,1670.02,1665,26055.45,-5.98,-0.36,1655.766,1690.299,1693.576,42005.09,31766.06,28198.52,0.21
2020/10/29,1654.84,1708,1676,1647,39373.76,11.19,0.67,1664.828,1694.497,1691.541,40652.33,30898.25,28398.28,0.31
2020/10/28,1626,1677,1664.81,1625.08,34636.53,39.81,2.45,1678.128,1699.397,1690.24,37273.76,28581.31,28215.87,0.28
2020/10/27,1643,1644,1625,1616.12,43944.4,-18,-1.1,1691.832,1705.816,1690.284,34126.72,27165.8,27647.32,0.35
2020/10/26,1619,1662.92,1643,1600,66015.29,-72.33,-4.22,1713.632,1717.216,1692.374,30884.83,25065.75,26572.3,0.53
2020/10/23,1740.78,1747.59,1715.33,1714,19291.69,-27.17,-1.56,1724.832,1727.977,1694.974,21527.04,22837.12,25631.61,0.15
2020/10/22,1730,1745,1742.5,1715.51,22480.87,9.17,0.53,1724.166,1726.044,1692.733,21144.17,24331.94,27851.01,0.18
2020/10/21,1734.1,1742.15,1733.33,1723,18901.37,-0.67,-0.04,1720.666,1718.644,1691.863,19888.87,24792.64,27852.77,0.15
2020/10/20,1699.99,1734.97,1734,1695,27734.93,35,2.06,1719.8,1710.541,1693.197,20204.88,24645.58,27948.75,0.22
2020/10/19,1725,1733.98,1699,1691.9,19226.32,-13,-0.76,1720.8,1703.241,1694.797,19246.67,24295.31,28114.8,0.15
2020/10/16,1725,1734.58,1712,1703,17377.38,-13,-0.75,1731.122,1696.852,1696.497,24147.21,24630.97,28707.88,0.14
2020/10/15,1721.13,1735,1725,1721,16204.36,-4,-0.23,1727.922,1688.584,1696.187,27519.71,25898.31,29077.93,0.13
2020/10/14,1740,1746.98,1729,1726,20481.39,-10,-0.57,1716.622,1681.082,1694.337,29696.4,27850.43,29565.89,0.16
2020/10/13,1750.62,1750.62,1739,1735,22943.89,-11.61,-0.66,1701.282,1674.751,1693.457,29086.28,28128.84,30265.44,0.18
2020/10/12,1700,1750.61,1750.61,1700,43729.04,54.61,3.22,1685.682,1667.531,1692.682,29343.95,28078.85,30673.85,0.35
2020/10/9,1692,1706.42,1696,1688,34239.88,27.5,1.65,1662.582,1661.97,1693.651,25114.73,28426.09,30030.29,0.27
2020/9/30,1660,1691.9,1668.5,1660,27087.81,16.2,0.98,1649.246,1659.422,1698.501,24276.91,31370.09,29840.17,0.22
2020/9/29,1669.33,1669.4,1652.3,1652.3,17430.78,-8.7,-0.52,1645.542,1665.082,1704.826,26004.45,30912.9,30086.24,0.14
2020/9/28,1635.19,1668.5,1661,1635.19,24232.22,25.89,1.58,1648.22,1675.852,1712.31,27171.39,31251.91,30796.7,0.19
2020/9/25,1630,1650,1635.11,1625,22582.96,5.79,0.35,1649.38,1686.352,1718.585,26813.76,31934.29,31975.6,0.18
2020/9/24,1635.97,1658.88,1629.32,1626.8,30050.78,-20.66,-1.25,1661.358,1696.141,1724.68,31737.45,32784.8,32961.44,0.24
2020/9/23,1635,1666.01,1649.98,1621.02,35725.52,-15.71,-0.94,1669.598,1703.789,1729.764,38463.26,32257.55,32590.67,0.28
2020/9/22,1650,1686.98,1665.69,1650,23265.47,-1.11,-0.07,1684.622,1707.591,1733.615,35821.35,31281.35,32115.18,0.19
2020/9/21,1692.76,1692.76,1666.8,1666.66,22444.07,-28.2,-1.66,1703.484,1712.162,1736.68,35332.43,32402.04,33045.54,0.18
2020/9/18,1665,1695,1695,1635.01,47201.4,24.48,1.47,1723.324,1717.832,1738.158,37054.82,33268.84,33470,0.38
2020/9/17,1700,1700,1670.52,1658,63679.85,-54.58,-3.16,1730.924,1725.332,1737.208,33832.14,31634.5,32364.05,0.51
2020/9/16,1760,1764.81,1725.1,1719,22515.98,-34.9,-1.98,1737.98,1737.58,1736.882,26051.84,28310.25,30299.18,0.18
2020/9/15,1769.99,1769.99,1760,1747.75,20820.87,-6,-0.34,1730.56,1744.57,1734.977,26741.35,29259.58,30519.13,0.17
2020/9/14,1745,1769,1766,1730.58,31056.01,33,1.9,1720.84,1748.768,1732.227,29471.65,30341.48,30999.23,0.25
2020/9/11,1688,1736,1733,1688,31088,27.2,1.59,1712.34,1750.818,1728.427,29482.86,32016.92,31625.03,0.25
2020/9/10,1703.74,1720,1705.8,1700,24778.33,17.8,1.05,1719.74,1753.218,1724.827,29436.85,33138.08,31953.28,0.2
2020/9/9,1699.67,1711,1688,1680.04,25963.55,-23.4,-1.37,1737.18,1755.738,1721.287,30568.65,32923.8,31741.44,0.21
2020/9/8,1732,1737.8,1711.4,1677.07,34472.38,-12.1,-0.7,1758.58,1759.638,1718.234,31777.8,32949.02,31839.95,0.27
2020/9/7,1760,1777.99,1723.5,1703.97,31112.02,-46.5,-2.63,1776.696,1761.198,1714.79,31211.31,33689.03,31907.24,0.25
2020/9/4,1766,1776.99,1770,1746,30857.96,-23,-1.28,1789.296,1758.483,1710.314,34550.98,33671.17,31532.82,0.25
2020/9/3,1795,1812,1793,1779.7,30437.35,-2,-0.11,1786.696,1749.083,1703.364,36839.31,33093.61,31702.02,0.24
2020/9/2,1825,1828,1795,1770,32009.29,-6.98,-0.39,1774.296,1736.183,1695.612,35278.94,32288.11,31812.6,0.25
2020/9/1,1792,1802,1801.98,1775.01,31639.92,15.48,0.87,1760.696,1725.383,1689.262,34120.23,31778.68,31488.22,0.25
2020/8/31,1770.58,1816,1786.5,1770.58,47810.36,29.5,1.68,1745.7,1715.685,1682.663,36166.75,31656.97,31503.25,0.38
2020/8/28,1731,1764,1757,1721.5,42299.62,26,1.5,1727.67,1706.035,1676.738,32791.36,31233.14,30845.78,0.34
2020/8/27,1731.99,1733.98,1731,1705,22635.53,4,0.23,1711.47,1696.435,1672.797,29347.92,30768.49,30765.04,0.18
2020/8/26,1734,1745,1727,1715.02,26215.73,0,0,1698.07,1686.835,1670.247,29297.28,30559.07,31551.92,0.21
2020/8/25,1704.8,1746.78,1727,1698.63,41872.49,30.65,1.81,1690.07,1676.83,1667.497,29437.13,30730.89,32778.55,0.33
2020/8/24,1700,1708,1696.35,1691.01,30933.44,20.35,1.21,1685.67,1668.381,1664.647,27147.19,30125.46,33430.5,0.25
2020/8/21,1673,1698,1676,1671,25082.41,12,0.72,1684.4,1662.145,1660.957,29674.91,29394.47,33823.24,0.2
2020/8/20,1674,1679,1664,1656,22382.33,-23,-1.36,1681.4,1657.645,1656.922,32189.06,30310.43,36506.72,0.18
2020/8/19,1700,1717,1687,1682.99,26914.98,-18,-1.06,1675.6,1655.041,1657.522,31820.86,31337.08,37103.63,0.21
2020/8/18,1697.38,1720,1705,1691,30422.81,15,0.89,1663.59,1653.141,1657.076,32024.65,31197.75,37717.94,0.24
2020/8/17,1674,1704.35,1690,1670,43572.01,29,1.75,1651.092,1649.64,1655.226,33103.73,31349.52,38295.27,0.35
2020/8/14,1639.9,1665.7,1661,1631,37653.18,26,1.59,1639.89,1647.44,1652.574,29114.03,30458.43,38380.69,0.3
2020/8/13,1630,1638.88,1635,1609,20541.34,8.05,0.49,1633.89,1649.158,1651.926,28431.81,30761.59,39793.13,0.16
2020/8/12,1633,1641,1626.95,1605.25,27933.92,-15.56,-0.95,1634.482,1653.658,1650.876,30853.29,32544.76,43878.18,0.22
2020/8/11,1640,1666.43,1642.51,1640,35818.18,8.52,0.52,1642.692,1658.163,1657.155,30370.85,34826.21,44517.13,0.29
2020/8/10,1627.97,1644.96,1633.99,1608.11,23623.54,2.99,0.18,1648.188,1660.912,1663.13,29595.31,36735.54,45030.89,0.19
2020/8/7,1644.77,1649.67,1631,1598.5,34242.05,-6.96,-0.42,1654.99,1659.768,1670.53,31802.83,38252.01,46886.08,0.27
2020/8/6,1670,1674.03,1637.96,1630,32648.78,-30.04,-1.8,1664.426,1656.198,1674.672,33091.37,42703,47028.99,0.26
2020/8/5,1662.09,1673.09,1668,1643.31,25521.69,-1.99,-0.12,1672.834,1660.002,1678.074,34236.22,42870.18,47148.22,0.2
2020/8/4,1675,1682.99,1669.99,1660,31940.51,1.99,0.12,1673.634,1661.01,1678.741,39281.57,44238.13,48530.63,0.25
2020/8/3,1686.88,1696.58,1668,1660,34661.14,-10.18,-0.61,1673.636,1660.811,1679.642,43875.77,45241.03,50266.8,0.28
2020/7/31,1685,1705,1678.18,1646,40684.74,-1.82,-0.11,1664.546,1657.707,1676.242,44701.18,46302.95,51124.84,0.32
2020/7/30,1671.2,1700.59,1680,1670.5,38373.04,8,0.48,1647.97,1654.694,1669.422,52314.63,48824.68,50846.9,0.31
2020/7/29,1690,1690,1672,1633,50748.43,2,0.12,1647.17,1648.094,1662.622,51504.13,55211.59,51222.43,0.4
2020/7/28,1630,1680,1670,1630,54911.52,47.45,2.92,1648.386,1656.147,1653.736,49194.69,54208.05,50619.13,0.44
2020/7/27,1616.01,1629.8,1622.55,1600,38788.17,27.25,1.71,1647.986,1665.347,1643.38,46606.28,53326.24,48995.87,0.31
2020/7/24,1654.85,1666,1595.3,1585,78752.01,-80.7,-4.82,1650.868,1681.291,1635.411,47904.71,55520.14,48460.49,0.63
2020/7/23,1672,1691,1676,1650,34320.52,-2.08,-0.12,1661.418,1693.146,1628.646,45334.72,51354.99,45779.84,0.27
2020/7/22,1658,1710,1678.08,1658,39201.21,10.08,0.6,1649.018,1696.146,1618.571,58919.06,51426.26,45760.52,0.31
2020/7/21,1646.64,1702.8,1668,1630.99,41969.5,31.04,1.9,1663.908,1696.472,1606.617,59221.4,52823.14,44962.81,0.33
2020/7/20,1652.5,1663.99,1636.96,1588.88,45280.33,-11.09,-0.67,1682.708,1698.472,1595.209,60046.21,55292.58,44812.25,0.36
2020/7/17,1620,1672.59,1648.05,1620,65902.06,34.05,2.11,1711.714,1694.776,1584.011,63135.57,55946.74,43598.76,0.52
2020/7/16,1729.91,1729.91,1614,1600,102242.19,-138.53,-7.91,1724.874,1684.15,1571.859,57375.25,52869.12,41276.31,0.81
2020/7/15,1744.88,1782.6,1752.53,1744.71,40712.94,-9.47,-0.54,1743.274,1677.15,1561.353,43933.46,47233.27,37624.53,0.32
2020/7/14,1781.99,1782.03,1762,1748.4,46093.51,-19.99,-1.12,1729.036,1651.324,1542.876,46424.87,47030.22,37319.66,0.37
2020/7/13,1714.68,1787,1781.99,1714.68,60727.16,68.14,3.98,1714.236,1621.412,1525.595,50538.95,44665.49,36436.35,0.48
2020/7/10,1689,1736.6,1713.85,1688.94,37100.44,7.85,0.46,1677.838,1589.53,1506.518,48757.91,41400.83,34935.58,0.3
2020/7/9,1691,1712,1706,1682,35033.24,24.66,1.47,1643.426,1564.146,1492.009,48362.98,40204.69,34215.59,0.28
2020/7/8,1680,1719,1681.34,1660,53169.98,-6.66,-0.4,1611.026,1540.996,1477.536,50533.08,40094.79,33594.53,0.42
2020/7/7,1603.09,1744.82,1688,1601,66663.93,88,5.5,1573.612,1516.762,1463.774,47635.58,37102.49,32401.05,0.53
2020/7/6,1538,1616,1600,1531.81,51821.96,58.21,3.77,1528.588,1491.946,1450.624,38792.02,34331.93,29985.21,0.41
2020/7/3,1550,1552.5,1541.79,1516.88,35125.81,-2.21,-0.14,1501.222,1473.246,1441.024,34043.75,31250.78,28295.98,0.28
2020/7/2,1499,1550.9,1544,1495,45883.72,49.73,3.33,1484.866,1459.567,1433.899,32046.39,29683.5,27717.56,0.37
2020/7/1,1468,1506.1,1494.27,1464.02,38682.49,31.39,2.15,1470.966,1445.555,1427.235,29656.5,28015.79,26721.38,0.31
2020/6/30,1463.12,1468.98,1462.88,1455.12,22446.14,-0.29,-0.02,1459.912,1434.428,1423.496,26569.4,27609.09,26561.24,0.18
2020/6/29,1448,1466,1463.17,1437.01,28080.61,3.16,0.22,1455.304,1429.777,1418.682,29871.84,28207.21,26961.15,0.22
2020/6/26,1463.6,1465.71,1460.01,1445,25138.99,2.53,0.17,1445.27,1423.506,1412.724,28457.8,28470.32,26881.41,0.2
2020/6/24,1435,1482,1474.5,1433.52,33934.26,35.5,2.47,1434.268,1419.871,1406.623,27320.61,28226.5,26963.34,0.27
2020/6/23,1435.1,1443.89,1439,1433.2,23247,-0.84,-0.06,1420.144,1414.076,1400.798,26375.09,27094.26,26390.13,0.19
2020/6/22,1420,1445.2,1439.84,1415.1,38958.33,26.84,1.9,1408.944,1410.786,1396.993,28648.77,27699.61,26805.83,0.31
2020/6/19,1404.9,1413.2,1413,1400.1,21010.41,8,0.57,1404.25,1409.302,1391.411,26542.59,25638.48,26579.29,0.17
2020/6/18,1411.86,1411.9,1405,1395.02,19453.07,1.12,0.08,1401.742,1408.801,1389.066,28482.85,25341.18,26681.35,0.15
2020/6/17,1398.5,1414,1403.88,1393.13,29206.64,20.88,1.51,1405.474,1408.231,1386.366,29132.38,25751.61,26767.86,0.23
2020/6/16,1402,1411.6,1383,1381,34615.41,-33.37,-2.36,1408.008,1408.914,1383.478,27813.44,25426.96,26546.9,0.28
2020/6/15,1387.17,1416.37,1416.37,1383.31,28427.42,15.91,1.14,1412.628,1412.564,1381.638,26750.45,25513.39,26534.24,0.23
2020/6/12,1411.01,1417.99,1400.46,1396.99,30711.71,-23.2,-1.63,1414.354,1407.587,1376.47,24734.37,25715.09,26432.77,0.24
2020/6/11,1425,1433.33,1423.66,1417,22700.74,7.11,0.5,1415.86,1401.941,1372.776,22199.51,25292.51,25825.93,0.18
2020/6/10,1408,1425,1416.55,1400.68,22611.91,10.45,0.74,1410.988,1393.375,1368.391,22370.84,25700.17,25791.61,0.18
2020/6/9,1425,1435,1406.1,1402.01,29300.45,-18.9,-1.33,1409.82,1387.52,1364.213,23040.48,25686,25647.11,0.23
2020/6/8,1405.25,1428.88,1425,1401.08,18347.06,17.01,1.21,1412.5,1383.2,1360.059,24276.34,25912.06,25365.64,0.15
2020/6/5,1396,1411,1407.99,1396,18037.41,8.69,0.62,1400.82,1373.52,1354.539,26695.8,27520.1,25902.22,0.14
2020/6/4,1415,1417.5,1399.3,1395.77,23557.36,-11.41,-0.81,1388.022,1369.331,1349.74,28385.5,28021.51,26397.09,0.19
2020/6/3,1416.01,1427.9,1410.71,1406.66,25960.1,-8.79,-0.62,1375.762,1364.501,1344.775,29029.51,27784.12,27010.96,0.21
2020/6/2,1381,1420.1,1419.5,1381,35479.76,52.9,3.87,1365.22,1358.041,1337.524,28331.52,27666.85,26946,0.28
2020/6/1,1332.1,1369.98,1366.6,1332.1,30444.35,22.6,1.68,1353.9,1350.712,1330.294,27547.77,27555.09,26344.22,0.24
2020/5/29,1337.97,1346.94,1344,1321.13,26485.91,6,0.45,1346.22,1345.352,1325.921,28344.39,27150.46,26555.09,0.21
2020/5/28,1359,1360,1338,1333,26777.41,-20,-1.47,1350.64,1343.611,1322.521,27657.53,26359.36,26525.99,0.21
2020/5/27,1369.88,1369.95,1358,1355,22470.19,-4.9,-0.36,1353.24,1343.406,1318.149,26538.73,25883.05,26143.24,0.18
2020/5/26,1330,1366.58,1362.9,1321,31561,34.7,2.61,1350.862,1340.906,1312.862,27002.18,25608.21,26364.66,0.25
2020/5/25,1366,1366.1,1328.2,1322.88,34427.46,-37.9,-2.77,1347.524,1336.917,1306.942,27562.4,24819.23,26988.35,0.27
2020/5/22,1355,1371.96,1366.1,1352.86,23051.58,15.1,1.12,1344.484,1335.558,1300.532,25956.53,24284.35,26728.18,0.18
2020/5/21,1346.11,1359.18,1351,1336.81,21183.4,4.89,0.36,1336.582,1330.148,1293.592,25061.19,24772.67,26787.54,0.17
2020/5/20,1364,1364,1346.11,1338,24787.46,-0.1,-0.01,1333.572,1325.048,1287.342,25227.38,26237.81,27640.65,0.2
2020/5/19,1306,1351.5,1346.21,1305.13,34362.11,33.21,2.53,1330.95,1317.007,1279.891,24214.25,26225.15,27487.67,0.27
2020/5/18,1329,1333.5,1313,1301.88,26398.08,-13.59,-1.02,1326.31,1309.876,1272.061,22076.06,25133.35,27236.18,0.21
2020/5/15,1330,1334.88,1326.59,1325.11,18574.92,-9.36,-0.7,1326.632,1306.489,1265.666,22612.18,25959.73,27756.25,0.15
2020/5/14,1333,1337.99,1335.95,1322.88,22014.31,2.95,0.22,1323.714,1301.43,1257.451,24484.15,26692.63,27626.58,0.18
2020/5/13,1318,1334.99,1333,1316,19721.81,9.99,0.76,1316.524,1292.891,1248.904,27248.25,26403.44,27916.08,0.16
2020/5/12,1320,1335,1323.01,1313.67,23671.19,8.4,0.64,1303.064,1284.817,1240.179,28236.06,27121.11,28070.84,0.19
2020/5/11,1317,1338,1314.61,1308.51,29078.68,2.61,0.2,1293.442,1276.966,1232.016,28190.63,29157.46,28098.5,0.23
2020/5/8,1299.4,1314.99,1312,1293,27934.74,12,0.92,1286.346,1265.505,1224.283,29307.28,29172.02,28818.96,0.22
2020/5/7,1251,1300,1300,1250,35834.81,34.3,2.71,1279.146,1257.035,1215.673,28901.11,28802.41,28803.11,0.29
2020/5/6,1271,1285.01,1265.7,1258.88,24660.87,-9.2,-0.72,1269.258,1249.635,1207.923,25558.63,29043.49,29271.65,0.2
2020/4/30,1277.8,1288.1,1274.9,1258,23444.06,-4.23,-0.33,1266.57,1242.775,1199.788,26006.16,28750.18,29698.87,0.19
2020/4/29,1285.31,1299.94,1279.13,1271.88,34661.9,3.13,0.24,1260.49,1234.245,1191.593,30124.29,29339,30925.89,0.28
2020/4/28,1257,1278.17,1276,1250.96,25903.91,25.44,2.03,1244.664,1224.842,1181.236,29036.75,29552.77,30727.16,0.21
2020/4/27,1248,1259.89,1250.56,1235.18,19122.4,-1.7,-0.14,1234.924,1213.472,1171.211,28703.7,28560.52,31245.02,0.15
2020/4/24,1250,1265.68,1252.26,1247.77,26898.51,7.76,0.62,1230.012,1204.916,1161.929,32528.36,29428.72,31791.33,0.21
2020/4/23,1206,1249.5,1244.5,1202.22,44034.73,44.5,3.71,1218.98,1195.54,1153.321,31494.2,29020.56,32298.84,0.35
2020/4/22,1221.02,1223.99,1200,1193,29224.22,-27.3,-2.22,1208,1187.066,1143.896,28553.72,27039.53,32429.65,0.23
2020/4/21,1221,1231.5,1227.3,1216.8,24238.64,1.3,0.11,1205.02,1183.061,1134.846,30068.78,28465.91,33392.04,0.19
2020/4/20,1210,1234.56,1226,1205.01,38245.69,28.9,2.41,1192.02,1174.31,1125.245,28417.35,28803.81,35187.07,0.3
2020/4/17,1192.97,1197.1,1197.1,1184.1,21727.74,7.5,0.63,1179.82,1166.21,1113.745,26329.08,29499.8,38388.04,0.17
2020/4/16,1192,1203.99,1189.6,1187.1,29332.29,4.5,0.38,1172.1,1156.8,1104.29,26546.92,30647.56,40974.65,0.23
2020/4/15,1176,1191.55,1185.1,1166,36799.55,22.8,1.96,1166.132,1148.94,1097.065,25525.35,32512.77,43475.99,0.29
2020/4/14,1165,1169.98,1162.3,1148.5,15981.47,-2.7,-0.23,1161.102,1137.63,1091.16,26863.04,31901.56,44197.64,0.13
2020/4/13,1157.88,1181.5,1165,1153.5,27804.34,6.5,0.56,1156.6,1128.95,1088.646,29190.27,33929.52,47192.83,0.22
2020/4/10,1166,1169,1158.5,1147.96,22816.97,-1.26,-0.11,1152.6,1118.942,1087.321,32670.52,34153.94,47634.14,0.18
2020/4/9,1152,1166.31,1159.76,1152,24224.42,-0.19,-0.02,1141.5,1111.102,1087.322,34748.2,35577.11,48270.67,0.19
2020/4/8,1161.95,1166.5,1159.95,1148.89,43488,20.16,1.77,1131.748,1100.726,1087.134,39500.19,37819.77,49962.6,0.35
2020/4/7,1139.03,1147.96,1139.79,1131.98,27617.61,-5.21,-0.46,1114.158,1086.631,1084.837,36940.07,38318.18,49958.4,0.22
2020/4/3,1104,1145,1145,1103.88,45205.61,42,3.81,1101.3,1076.18,1085.623,38668.77,41570.33,50109.57,0.36
2020/4/2,1117,1129,1103,1103,33205.35,-8,-0.72,1085.284,1061.28,1086.923,35637.36,47276.28,50970.62,0.26
2020/4/1,1082,1115,1111,1081.8,47984.37,39,3.64,1080.704,1051.779,1088.219,36406.02,51301.73,52000,0.38
2020/3/31,1060.25,1077,1072,1057,30687.41,-3.5,-0.33,1069.704,1045.189,1088.319,36139.34,54439.21,52113.29,0.24
2020/3/30,1085,1092,1075.5,1075.01,36261.12,10.58,0.99,1059.104,1044.689,1089.019,39696.28,56493.72,52962.07,0.29
2020/3/27,1073.33,1091.2,1064.92,1062,30048.56,-15.18,-1.41,1051.06,1048.342,1088.094,44471.89,60456.14,53646.34,0.24
2020/3/26,1087.98,1091.36,1080.1,1074.2,37048.66,24.1,2.28,1037.276,1055.7,1089.218,58915.2,61114.35,53868.83,0.29
2020/3/25,1043,1058.88,1056,1035,46650.96,37,3.63,1022.854,1063.542,1088.898,66197.44,60964.24,54194.44,0.37
2020/3/24,1000,1035.28,1019,991.52,48472.1,-16.28,-1.57,1020.674,1073.542,1089.838,72739.07,62105.43,53781.18,0.39
2020/3/23,1011,1043,1035.28,1011,60139.19,39.28,3.94,1030.274,1083.043,1093.247,73291.16,61598.63,53290.09,0.48
2020/3/20,993.99,1015,996,960.1,102265.07,-11.99,-1.19,1045.624,1095.065,1097.127,76440.38,58648.81,51730.13,0.81
2020/3/19,1040,1060,1007.99,1007.99,73459.88,-37.11,-3.55,1074.124,1112.565,1103.227,63313.5,54664.95,48957.01,0.58
2020/3/18,1055,1078,1045.1,1011.12,79359.12,-21.9,-2.05,1104.23,1124.658,1107.653,55731.03,52698.26,47136.59,0.63
2020/3/17,1103.98,1107.95,1067,1062,51232.54,-45.03,-4.05,1126.41,1131.448,1109.598,51471.8,49787.37,44501.88,0.41
2020/3/16,1090,1128.98,1112.03,1080,75885.31,-26.47,-2.33,1135.812,1133.349,1110.939,49906.11,49430.42,43291.67,0.6
2020/3/13,1141.22,1153,1138.5,1125.1,36630.63,-20.02,-1.73,1144.506,1127.846,1109.737,40857.24,46836.54,40661.78,0.29
2020/3/12,1155.5,1169.58,1158.52,1141,35547.57,2.52,0.22,1151.006,1122.735,1107.362,46016.41,46623.31,40348.12,0.28
2020/3/11,1113,1168,1156,1113,58062.93,41.99,3.77,1145.086,1114.253,1104.3,49665.49,47424.65,39977.01,0.46
2020/3/10,1135,1135,1114.01,1111.31,43404.09,-41.49,-3.59,1136.486,1106.134,1101.4,48102.94,45456.92,39469.76,0.35
2020/3/9,1163,1176,1155.5,1151.98,30641,-15.5,-1.32,1130.886,1103.451,1099.024,48954.73,44981.54,38826.23,0.24
2020/3/6,1136.31,1174.99,1171,1130.56,62426.45,42.08,3.73,1111.186,1099.189,1095.049,52815.84,44811.45,38858.11,0.5
2020/3/5,1125,1139,1128.92,1116.24,53792.99,15.92,1.43,1094.464,1093.889,1090.049,47230.21,43249.07,38095.35,0.43
2020/3/4,1098,1118.88,1113,1098,50250.15,26.99,2.48,1083.42,1090.647,1086.102,45183.8,41574.92,37776.61,0.4
2020/3/3,1050.11,1096.55,1086.01,1050.01,47663.04,29.01,2.75,1075.782,1087.747,1082.353,42810.9,39216.4,38395.31,0.38
2020/3/2,1070.3,1082,1057,1049.97,49946.57,-30.39,-2.79,1076.016,1088.528,1078.248,41008.36,37152.92,42184.31,0.4
2020/2/28,1076,1094.99,1087.39,1076,34498.29,13.69,1.27,1087.192,1091.628,1078.038,36807.06,34487.02,42360.4,0.27
2020/2/27,1062,1084,1073.7,1055,43560.97,-1.11,-0.1,1093.314,1091.989,1077.444,39267.93,34072.93,42445.49,0.35
2020/2/26,1078,1082.09,1074.81,1067.88,38385.62,-12.37,-1.14,1097.874,1094.346,1077.524,37966.03,32529.37,41911.14,0.31
2020/2/25,1105.5,1110,1087.18,1085.5,38650.36,-25.7,-2.31,1099.712,1096.665,1078.334,35621.9,33482.6,41761.42,0.31
2020/2/24,1111.46,1123.54,1112.88,1110.01,28940.08,-5.12,-0.46,1101.04,1094.596,1079.35,33297.47,32670.91,41002.54,0.23
2020/2/21,1096.7,1124,1118,1095.41,46802.62,21.5,1.96,1096.064,1090.908,1079.056,32166.97,32904.77,40715.12,0.37
2020/2/20,1085,1101.5,1096.5,1078,37051.47,12.5,1.15,1090.664,1086.208,1078.762,28877.92,32941.63,39676.45,0.29
2020/2/19,1090.01,1096.88,1084,1083,26664.96,-9.82,-0.9,1090.818,1081.557,1079.307,27092.71,33978.31,39581.11,0.21
2020/2/18,1082.5,1096.19,1093.82,1082.4,27028.22,5.82,0.54,1093.618,1076.958,1081.321,31343.31,37574.23,40173.65,0.22
2020/2/17,1090.45,1093.51,1088,1083.11,23287.6,-3,-0.28,1088.152,1067.968,1082.255,32044.35,47215.7,40621.03,0.19
2020/2/14,1098,1113.89,1091,1088.01,30357.36,-6.27,-0.57,1085.752,1064.448,1082.99,33642.57,50233.78,41326.94,0.24
2020/2/13,1089,1098.79,1097.27,1085.88,28125.43,-0.73,-0.07,1081.752,1062.899,1082.847,37005.34,50818.05,41059.49,0.22
2020/2/12,1063,1099.68,1098,1062.8,47917.93,31.51,2.96,1072.296,1060.702,1082.71,40863.9,51292.91,42045.89,0.38
2020/2/11,1062,1074.6,1066.49,1057.2,30533.42,-9.51,-0.88,1060.298,1060.002,1081.709,43805.15,50040.25,42820.74,0.24
2020/2/10,1070.01,1077,1076,1061.02,31278.71,5,0.47,1047.784,1064.103,1082.313,62387.04,49334.18,47810,0.25
2020/2/7,1059.43,1075,1071,1052.02,47171.21,21.01,2,1043.144,1067.203,1085.013,66824.99,48525.47,53651.03,0.38
2020/2/6,1050,1054,1049.99,1033.03,47418.24,11.98,1.15,1044.046,1071.316,1090.613,64630.75,46411.26,52421.91,0.38
2020/2/5,1015,1057,1038.01,1011.01,62624.18,34.09,3.4,1049.108,1077.057,1097.403,61721.92,45183.9,52089.03,0.5
2020/2/4,985,1010.68,1003.92,980,123442.88,-48.88,-4.64,1059.706,1085.683,1103.653,56275.34,42773.06,51311.13,0.98
2020/2/3,1076,1076,1052.8,1037,53468.43,-22.71,-2.11,1080.422,1096.541,1110.212,36281.31,34026.36,46282.85,0.43
2020/1/23,1070,1084,1075.51,1055.38,36200.04,0.21,0.02,1091.262,1101.531,1114.257,30225.96,32420.1,44824.73,0.29
2020/1/22,1081,1087,1075.3,1072.3,32874.05,-15.7,-1.44,1098.586,1102.794,1117.881,28191.77,31300.93,43605.88,0.26
2020/1/21,1111.86,1111.86,1091,1082,35391.3,-16.5,-1.49,1105.006,1104.717,1121.581,28645.89,32798.88,43258.14,0.28
2020/1/20,1110,1112.78,1107.5,1101.01,23472.75,0.5,0.04,1111.66,1103.416,1124.346,29270.78,35601.23,42666.77,0.19
2020/1/17,1118.87,1118.87,1107,1102.58,23191.65,-5.13,-0.46,1112.66,1100.522,1126.841,31771.41,46285.83,42470.74,0.18
2020/1/16,1109.01,1121.6,1112.13,1105,26029.11,4.73,0.43,1111.8,1102.822,1129.891,34614.25,58776.58,42293.17,0.21
2020/1/15,1124.2,1124.89,1107.4,1103,35144.65,-16.87,-1.5,1107.002,1109.909,1132.784,34410.08,58432.55,43122.56,0.28
2020/1/14,1112.5,1129.2,1124.27,1112,38515.75,11.77,1.06,1104.428,1117.749,1134.81,36951.87,58994.15,42912.15,0.31
2020/1/13,1109,1115.99,1112.5,1102.5,35975.87,9.8,0.89,1095.172,1121.622,1136.746,41931.67,59849.21,42486.39,0.29
2020/1/10,1094,1105.39,1102.7,1090,37405.87,14.56,1.34,1088.384,1123.882,1137.971,60800.25,58539.35,42158.05,0.3
2020/1/9,1085.05,1095.5,1088.14,1082.58,25008.25,-6.39,-0.58,1093.844,1126.982,1140.785,82938.91,57229.36,41016.16,0.2
2020/1/8,1077.5,1099,1094.53,1076.4,47853.59,16.54,1.53,1112.816,1132.968,1144.598,82455.02,55910.84,40520.08,0.38
2020/1/7,1070.86,1092.9,1077.99,1067.3,63414.78,-0.57,-0.05,1131.07,1138.445,1147.807,81036.44,53717.4,39218.6,0.5
2020/1/6,1117,1117,1078.56,1076.9,130318.78,-51.44,-4.55,1148.072,1145.276,1152.407,77766.74,49732.31,38023.18,1.04
2020/1/3,1128,1145.06,1130,1116,148099.16,-53,-4.48,1159.38,1153.16,1154.969,56278.44,38655.66,32574.18,1.18
2020/1/2,1183,1188,1183,1176.51,22588.81,-2.8,-0.24,1160.12,1156.96,1154.586,31519.8,25809.75,26933.37,0.18
2019/12/31,1170.2,1195.5,1185.8,1170.2,40760.66,22.8,1.96,1153.12,1155.658,1151.336,29366.66,27812.57,27170.98,0.32
2019/12/30,1150,1172,1163,1150,47066.28,27.9,2.46,1145.82,1151.87,1148.696,26398.36,26830.14,26672.17,0.37
2019/12/27,1132,1141.98,1135.1,1119.99,22877.27,1.4,0.12,1142.48,1151.87,1146.996,21697.87,25123.57,28438.72,0.18
2019/12/26,1143,1143,1133.7,1130.01,24305.97,-14.3,-1.25,1146.94,1152.06,1149.031,21032.88,25776.76,28737.1,0.19
2019/12/25,1153,1155,1148,1145,11823.1,-1.3,-0.11,1153.8,1154.588,1151.843,20099.7,24802.96,28514.25,0.09
2019/12/24,1139,1162.5,1149.3,1136,25919.18,3,0.26,1158.196,1156.228,1153.693,26258.47,25129.31,29935.07,0.21
2019/12/23,1162.18,1162.18,1146.3,1141.5,23563.84,-11.1,-0.96,1157.92,1157.168,1155.331,27261.92,24719.81,30553.2,0.19
2019/12/20,1163,1163,1157.4,1152,19552.3,-10.6,-0.91,1161.26,1159.538,1157.716,28549.27,26314.05,31727.72,0.16
2019/12/19,1174,1175.2,1168,1164,19640.09,-1.98,-0.17,1157.18,1156.778,1161.411,30520.64,26492.7,31709.48,0.16
2019/12/18,1149.7,1173.6,1169.98,1143.03,42616.96,22.06,1.92,1155.376,1152.211,1164.699,29506.22,28057,31491.5,0.34
2019/12/17,1163,1163,1147.92,1137.94,30936.42,-15.08,-1.3,1154.26,1147.013,1167.816,24000.15,26529.39,30391.84,0.25
2019/12/16,1146,1165,1163,1146,30000.59,26,2.29,1156.416,1145.521,1171.784,22177.69,26514.19,29746.9,0.24
2019/12/13,1156,1159.94,1137,1130.08,29409.16,-21.98,-1.9,1157.816,1142.121,1174.879,24078.82,31753.86,29063.91,0.23
2019/12/12,1168,1170.75,1158.98,1155.55,14567.99,-5.42,-0.47,1156.376,1146.001,1179.529,22464.75,31697.45,28769.5,0.12
2019/12/11,1159.6,1165,1164.4,1151,15086.58,5.7,0.49,1149.046,1149.098,1182.78,26607.77,32225.53,29639.96,0.12
2019/12/10,1175,1176,1158.7,1156.1,21824.12,-11.3,-0.97,1139.766,1151.158,1184.64,29058.64,34740.83,29843.16,0.17
2019/12/9,1135.97,1170,1170,1130.1,39506.26,40.2,3.56,1134.626,1153.494,1186.655,30850.69,36386.6,29619.07,0.31
2019/12/6,1125,1132.01,1129.8,1118,21338.79,7.47,0.67,1126.426,1155.894,1188.405,39428.91,37141.4,28869.37,0.17
2019/12/5,1140,1144.66,1122.33,1118,35283.08,4.33,0.39,1135.626,1166.044,1191.983,40930.15,36926.26,28610.82,0.28
2019/12/4,1133,1133,1118,1117.74,27340.93,-15,-1.32,1149.15,1177.186,1195.517,37843.29,34926,27833.54,0.22
2019/12/3,1118.2,1140.02,1133,1118.2,30784.41,4,0.35,1162.55,1188.618,1199.567,40423.03,34254.28,27579.23,0.25
2019/12/2,1165.5,1165.5,1129,1112.89,82397.32,-46.8,-3.98,1172.362,1198.046,1202.896,41922.5,32979.61,27376.91,0.66
2019/11/29,1194.97,1197.51,1175.8,1169.02,28844.99,-14.15,-1.19,1185.362,1207.636,1205.696,34853.89,26373.95,24397.64,0.23
2019/11/28,1192.8,1196.62,1189.95,1184.51,19848.81,4.95,0.42,1196.462,1213.056,1205.907,32922.37,25841.56,24250.86,0.16
2019/11/27,1186.68,1198.6,1185,1183,40239.61,2.94,0.25,1205.222,1216.461,1205.599,32008.71,27054.39,24321.15,0.32
2019/11/26,1188.05,1194,1182.06,1172.06,38281.75,-11.94,-1,1214.686,1218.121,1205.999,28085.54,24945.48,23699.36,0.3
2019/11/25,1223,1229,1194,1185,47054.28,-37.3,-3.03,1223.73,1219.815,1205.811,24036.72,22851.55,22909.57,0.37
2019/11/22,1231,1235.51,1231.3,1221.06,19187.39,-2.45,-0.2,1229.91,1220.915,1204.678,17894.01,20597.33,21856.78,0.15
2019/11/21,1230,1239.51,1233.75,1228.06,15280.53,1.43,0.12,1229.65,1217.922,1200.627,18760.76,20295.38,22206.33,0.12
2019/11/20,1228,1241.61,1232.32,1225.02,20623.75,5.04,0.41,1227.7,1213.847,1196.885,22100.06,20741.08,22596.31,0.16
2019/11/19,1225.12,1229.45,1227.28,1218,18037.66,2.38,0.19,1221.556,1210.515,1193.809,21805.42,20904.18,22530.6,0.14
2019/11/18,1230,1232.91,1224.9,1221.5,16340.72,-5.1,-0.41,1215.9,1207.746,1190.87,21666.38,21774.21,22892.45,0.13
2019/11/15,1227,1240,1230,1222,23521.12,6,0.49,1211.92,1203.756,1188.414,23300.66,22421.33,23489.99,0.19
2019/11/14,1207,1227.8,1224,1200,31977.04,22.4,1.86,1206.194,1198.757,1186.081,21830.01,22660.15,23839.37,0.25
2019/11/13,1204,1209.6,1201.6,1198.21,19150.55,2.6,0.22,1199.994,1194.737,1183.381,19382.1,21587.92,25198.05,0.15
2019/11/12,1201.5,1206.2,1199,1193.51,17342.46,-6,-0.5,1199.474,1193.877,1183.851,20002.94,22453.24,26242.26,0.14
2019/11/11,1205,1215.65,1205,1201.51,24512.11,3.63,0.3,1199.592,1191.806,1182.901,21882.04,22967.59,26734.51,0.2
2019/11/8,1196.51,1201.88,1201.37,1189,16167.88,8.37,0.7,1195.592,1188.441,1181.381,21542.01,23116.22,26943.37,0.13
2019/11/7,1197,1204,1193,1188.88,19737.51,-6,-0.5,1191.32,1183.331,1179.062,23490.29,24117.28,28193.66,0.16
2019/11/6,1199.5,1205,1199,1192,22254.72,-0.59,-0.05,1189.48,1179.922,1176.753,23793.74,24451.55,28996.21,0.18
2019/11/5,1190,1209.99,1199.59,1189,26737.98,14.59,1.23,1188.28,1177.102,1175.158,24903.53,24157.02,29435.74,0.21
2019/11/4,1181,1191.95,1185,1172.5,22811.96,4.99,0.42,1184.02,1173.993,1172.678,24053.14,24010.69,29640.1,0.18
2019/11/1,1196,1198,1180.01,1176.15,25909.27,-3.79,-0.32,1181.29,1173.072,1172.166,24690.43,24558.65,29640.83,0.21
2019/10/31,1190,1192.7,1183.8,1176,21254.75,-9.2,-0.77,1175.342,1173.404,1171.515,24744.27,25018.6,29649.46,0.17
2019/10/30,1181.11,1199.96,1193,1177.77,27803.71,14.71,1.25,1170.364,1172.024,1171.025,25109.36,28808.18,29787.96,0.22
2019/10/29,1166.01,1181.01,1178.29,1165,22485.99,6.94,0.59,1165.924,1173.824,1170.575,23410.5,30031.28,30211.23,0.18
2019/10/28,1153.3,1172.5,1171.35,1143.03,25998.45,21.08,1.83,1163.966,1173.995,1169.111,23968.24,30501.43,30588.24,0.21
2019/10/25,1164.95,1166,1150.27,1147.16,26178.44,-8.64,-0.75,1164.854,1174.32,1168.414,24426.87,30770.51,31169.65,0.21
2019/10/24,1168,1178,1158.91,1156.11,23080.21,-11.89,-1.02,1171.466,1174.793,1168.151,25292.92,32270.04,31084.72,0.18
2019/10/23,1178,1181.5,1170.8,1163.89,19309.43,2.3,0.2,1173.684,1173.583,1167.65,32507,33540.88,33396.43,0.15
2019/10/22,1171.86,1178.9,1168.5,1163.3,25274.67,-7.29,-0.62,1181.724,1173.213,1163.811,36652.06,34714.46,33690.81,0.2
2019/10/21,1179,1189.99,1175.79,1171.69,28291.61,-7.54,-0.64,1184.024,1171.363,1160.336,37034.63,35269.51,33995.67,0.23
2019/10/18,1176,1186.66,1183.33,1162.5,30508.7,13.33,1.14,1183.786,1171.259,1156.496,37114.16,34723.01,34641.65,0.24
2019/10/17,1168,1187.5,1170,1160,59150.59,-41,-3.39,1178.12,1169.626,1150.806,39247.16,34280.33,37202.04,0.47
2019/10/16,1180,1215.68,1211,1177.03,40034.73,31,2.63,1173.482,1170.026,1148.498,34574.75,30767.73,35555.87,0.32
2019/10/15,1186,1187.66,1180,1170,27187.51,5.4,0.46,1164.702,1167.326,1144.774,32776.86,30391.17,35023.1,0.22
2019/10/14,1157,1175,1174.6,1152.21,28689.25,19.6,1.7,1158.702,1164.226,1142.899,33504.39,30675.05,34972.55,0.23
2019/10/11,1127,1158.93,1155,1109.02,41173.7,8.19,0.71,1158.732,1162.508,1141.369,32331.86,31568.79,35184.63,0.33
2019/10/10,1166.2,1166.2,1146.81,1135.05,35788.57,-20.29,-1.74,1161.132,1161.508,1139.869,29313.51,29899.4,34805.96,0.28
2019/10/9,1153,1180,1167.1,1152.01,31045.27,17.1,1.49,1166.57,1161.717,1139.529,26960.71,33251.99,34490.78,0.25
2019/10/8,1163,1169.43,1150,1150,30825.14,-24.75,-2.11,1169.95,1154.408,1138.112,28005.48,32667.16,34350.24,0.25
2019/9/30,1164,1183,1174.75,1153,22826.61,7.75,0.66,1169.75,1149.308,1137.712,27845.72,32721.83,35053.52,0.18
2019/9/27,1174.94,1183.35,1167,1158.81,26081.94,-7,-0.6,1166.284,1141.733,1134.629,30805.73,34560.3,35378.71,0.21
2019/9/26,1180,1188.87,1174,1170.5,24024.58,-10,-0.84,1161.884,1131.985,1131.285,30485.3,40123.76,36425.1,0.19
2019/9/25,1155,1184.9,1184,1152,36269.13,35,3.05,1156.864,1126.97,1128.035,39543.28,40344.01,37832.08,0.29
2019/9/24,1157,1157,1149,1131,30026.33,-8.42,-0.73,1138.866,1122.222,1123.982,37328.84,39655.03,38443.52,0.24
2019/9/23,1151,1160,1157.42,1147.59,37626.66,12.42,1.08,1128.866,1121.571,1123.037,37597.93,39270.05,38951.81,0.3
2019/9/20,1148,1150,1145,1137.1,24479.8,-3.9,-0.34,1117.182,1120.229,1120.366,38314.87,38800.47,38950.02,0.19
2019/9/19,1108.5,1150,1148.9,1108.18,69314.47,54.89,5.02,1102.086,1118.23,1116.416,49762.21,39712.51,38979.36,0.55
2019/9/18,1094,1106.66,1094.01,1087,25196.93,-4.99,-0.45,1097.076,1117.34,1112.471,41144.73,35729.58,36943.74,0.2
2019/9/17,1083,1103.95,1099,1083,31371.8,0,0,1105.578,1121.815,1110.565,41981.22,36033.32,37327.28,0.25
2019/9/16,1066,1109.98,1099,1066,41211.33,29.48,2.76,1114.276,1126.115,1108.345,40942.17,37385.21,37563.02,0.33
2019/9/12,1119.22,1119.97,1069.52,1068,81716.54,-54.33,-4.83,1123.276,1127.525,1105.64,39286.08,36197.12,36864.33,0.65
2019/9/11,1134.3,1135,1123.85,1120.01,26227.07,-12.67,-1.11,1134.374,1130.584,1104.33,29662.81,32726.43,34849.05,0.21
2019/9/10,1145,1148,1136.52,1135,29379.34,-5.97,-0.52,1137.604,1129.099,1099.035,30314.42,35320.15,35054.18,0.23
2019/9/9,1144.5,1146.15,1142.49,1131,26176.59,-1.51,-0.13,1138.052,1125.742,1093.141,30085.41,37232,37660.16,0.21
2019/9/6,1129,1144.9,1144,1128,32930.84,18.99,1.69,1137.954,1124.503,1084.118,33828.25,38633.57,37774.41,0.26
2019/9/5,1140.8,1142.91,1125.01,1120.11,33600.22,-14.99,-1.31,1131.774,1120.503,1075.502,33108.17,39099.57,38068.28,0.27
2019/9/4,1140,1151.02,1140,1128.56,29485.09,1.24,0.11,1126.794,1114.602,1066.501,35790.06,38246.21,37731.77,0.23
2019/9/3,1139.99,1144.98,1138.76,1129,28234.33,-3.24,-0.28,1120.594,1107.602,1056.816,40325.88,38157.91,38457.07,0.22
2019/9/2,1125,1146,1142,1123,44890.77,28.9,2.6,1113.432,1099.314,1047,44378.59,38621.24,38884.07,0.36
2019/8/30,1105,1118.18,1113.1,1092.5,29330.42,12.99,1.18,1111.052,1090.574,1037.622,43438.9,37740.83,38625.5,0.23
2019/8/29,1109,1123.19,1100.11,1083.01,47009.67,-8.89,-0.8,1109.232,1083.754,1029.932,45090.97,37531.53,38913.46,0.37
2019/8/28,1117,1131.31,1109,1109,52164.21,6.05,0.55,1102.41,1078.076,1023.557,40702.36,36971.66,37689.28,0.42
2019/8/27,1113,1128,1102.95,1096.68,48497.89,-27.15,-2.4,1094.61,1068.971,1017.053,35989.94,34788.21,36057.97,0.39
2019/8/26,1105,1133.56,1130.1,1095.62,40192.3,26.1,2.36,1085.196,1060.539,1010.726,32863.88,38088.31,34982.14,0.32
2019/8/23,1072.99,1104,1104,1070,37590.78,38,3.56,1070.096,1043.732,1002.473,32042.77,36915.25,34295.91,0.3
2019/8/22,1070.1,1076.97,1066,1061.66,25066.62,-4,-0.37,1058.276,1030.5,995.423,29972.09,37036.99,34329.15,0.2
2019/8/21,1055,1073.68,1070,1050,28602.13,14.12,1.34,1053.742,1018.4,989.441,33240.96,37217.32,35414.38,0.23
2019/8/20,1061,1069.98,1055.88,1049.05,32867.58,1.28,0.12,1043.332,1006.03,983.64,33586.47,38756.23,35608.47,0.26
2019/8/19,1049.84,1075.58,1054.6,1041,36086.73,9.7,0.93,1035.882,994.685,978.697,43312.74,39146.9,35371.37,0.29
2019/8/16,1028,1046.48,1044.9,1028,27237.39,1.57,0.15,1017.368,984.67,973.76,41787.74,39510.17,34967.77,0.22
2019/8/15,1030.02,1051.9,1043.33,1030.02,41410.95,25.38,2.49,1002.724,976.11,968.89,44101.89,40295.38,35568.55,0.33
2019/8/14,1016.16,1026,1017.95,1010.68,30329.7,-0.68,-0.07,983.058,969.037,964.899,41193.69,38406.91,34771.45,0.24
2019/8/13,1010.31,1020.1,1018.63,995.01,81498.95,56.6,5.88,968.728,965.135,962.401,43925.98,37327.73,34917.22,0.65
2019/8/12,978.5,980.95,962.03,958.99,28461.7,-9.65,-0.99,953.488,960.913,960.266,34981.06,31875.97,33835.8,0.23
2019/8/9,953.5,974,971.68,952,38808.13,26.68,2.82,951.972,961.213,961.469,37232.6,31676.56,33821.4,0.31
2019/8/8,949.5,955.53,945,945,26869.98,-1.3,-0.14,949.496,960.345,961.96,36488.87,31621.32,33406.71,0.21
2019/8/7,931,948,946.3,923.8,43991.16,3.87,0.41,955.016,960.481,963.836,35620.12,33611.44,33471.54,0.35
2019/8/6,945,954,942.43,940,36774.31,-12.02,-1.26,961.542,961.249,965.324,30729.48,32460.72,32858.15,0.29
2019/8/5,944,957.98,954.45,943,39719.4,-4.85,-0.51,968.338,962.708,967.446,28770.88,31595.84,32700.11,0.32
2019/8/2,976.51,977,959.3,953.02,35089.52,-13.3,-1.37,970.454,962.85,969.714,26120.52,30425.38,33215.78,0.28
2019/8/1,975,981.77,972.6,966.59,22526.2,-6.33,-0.65,971.194,961.67,970.809,26753.76,30841.72,33772.13,0.18
2019/7/31,976.5,983,978.93,971,19537.97,2.52,0.26,965.946,960.76,971.574,31602.76,31135.99,36002.79,0.16
2019/7/30,962.03,979.5,976.41,960.01,26981.33,11.38,1.18,960.956,959.667,973.878,34191.95,32506.71,36978.95,0.21
2019/7/29,961.97,971,965.03,958.55,26467.59,2.03,0.21,957.078,959.619,976.65,34420.79,35795.62,38246.74,0.21
2019/7/26,945.97,963.36,963,938.15,38255.7,16.64,1.76,955.246,961.725,977.599,34730.23,35966.25,38477.78,0.3
2019/7/25,958.31,959.9,946.36,944.69,46771.2,-7.62,-0.8,952.146,963.575,979.266,34929.68,35192.1,38963.92,0.37
2019/7/24,962.3,962.59,953.98,943.86,32483.95,-3.04,-0.32,955.574,967.191,980.941,30669.21,33331.65,38104.77,0.26
2019/7/23,960,964,957.02,950.25,28125.49,1.15,0.12,958.378,969.399,982.391,30821.47,33255.58,39045.37,0.22
2019/7/22,955,960.8,955.87,948,28014.81,8.37,0.88,962.16,972.183,983.895,37170.45,33804.39,39928.05,0.22
2019/7/19,961.5,963,947.5,947.18,39252.95,-16,-1.66,968.204,976.578,984.917,37202.26,36006.18,40823.65,0.31
2019/7/18,968,972.99,963.5,962.13,25468.87,-4.5,-0.47,975.004,979.948,986.292,35454.51,36702.55,42224.6,0.2
2019/7/17,975.45,982.3,968,965,33245.24,-7.93,-0.81,978.808,982.388,984.717,35994.08,40869.59,43637.48,0.26
2019/7/16,967.8,980.1,975.93,951.13,59870.4,-10.16,-1.03,980.42,988.088,982.167,35689.69,41451.18,43447.28,0.48
2019/7/15,981.3,991.5,986.09,980.01,28173.85,4.59,0.47,982.206,993.681,978.951,30438.32,40697.86,42092.22,0.22
2019/7/12,989.96,998.38,981.5,976,30514.19,-1.02,-0.1,984.952,993.472,975.296,34810.09,40989.32,42806.28,0.24
2019/7/11,980.93,990.58,982.52,977,28166.7,6.46,0.66,984.892,994.957,971.721,37950.59,42735.74,42926.44,0.22
2019/7/10,979.3,989,976.06,968.35,31723.32,-8.8,-0.89,985.968,994.691,967.93,45745.11,42877.89,43405.47,0.25
2019/7/9,995.05,997.9,984.86,975,33613.52,-14.96,-1.5,995.756,995.383,964.672,47212.66,44835.15,45824.63,0.27
2019/7/8,986,1006,999.82,976.3,50032.71,18.62,1.9,1005.156,995.607,958.983,50957.41,46051.72,46919.08,0.4
2019/7/5,985.8,990.8,981.2,971.22,46216.68,-6.7,-0.68,1001.992,993.255,952.098,47168.54,45641.13,46156.78,0.37
2019/7/4,1020,1023,987.9,981.5,67139.32,-37.1,-3.62,1005.022,992.635,946.618,47520.9,47746.65,45549.32,0.53
2019/7/3,1025,1029.5,1025,1016,39061.09,-6.86,-0.67,1003.414,987.046,940.988,40010.67,46405.36,44176.82,0.31
2019/7/2,1004.52,1035.6,1031.86,1000.22,52337.23,47.86,4.86,995.01,976.246,934.338,42457.64,45443.39,43947.73,0.42
2019/7/1,985.99,988.88,984,971.33,31088.4,2.19,0.22,986.058,964.22,927.245,41146.04,43486.57,43120.56,0.25
2019/6/28,985,1001,996.35,981.12,47978.45,16.49,1.68,984.518,957.12,923.31,44113.71,44623.24,43578.5,0.38
2019/6/27,985,985,979.86,971.22,29588.18,-3.12,-0.32,980.248,948.485,919.088,47972.41,43117.13,44461.93,0.24
2019/6/26,992,999,982.98,967,51295.95,-4.12,-0.42,970.678,941.169,914.495,52800.05,43933.05,46721.16,0.41
2019/6/25,978.3,999.69,987.1,975,45779.2,10.8,1.11,957.482,933.96,909.296,48429.14,46814.1,46114.45,0.36
2019/6/24,969.97,984.49,976.3,964.5,45926.75,1.3,0.13,942.382,922.358,903.866,45827.11,47786.43,46027.2,0.37
2019/6/21,932.5,975.5,975,932.2,67271.97,42.99,4.61,929.722,910.941,898.101,45132.76,46672.44,46633.79,0.54
2019/6/20,940,946.7,932.01,932.01,53726.4,15.01,1.64,916.722,900.601,893.751,38261.85,43351.98,44872.27,0.43
2019/6/19,917,920,917,902.6,29441.38,5.4,0.59,911.66,894.93,891.901,35066.05,41948.29,44305.23,0.23
2019/6/18,907,926.94,911.6,906.02,32769.03,-1.4,-0.15,910.438,892.43,890.299,45199.07,42452.07,45053.57,0.26
2019/6/17,911,932.3,913,910.02,42455.04,3,0.33,902.334,890.27,890.058,49745.75,42754.55,45907.19,0.34
2019/6/14,910,912.3,910,897,32917.42,3.3,0.36,892.16,889.5,890.904,48212.11,42533.77,46011.45,0.26
2019/6/13,906.22,910.99,906.7,894,37747.4,-4.19,-0.46,884.48,889.691,891.754,48442.1,45806.72,47521.79,0.3
2019/6/12,876,915.61,910.89,875,80106.44,39.81,4.57,878.2,887.821,890.747,48830.52,49509.26,48633.58,0.64
2019/6/11,857.98,878.95,871.08,840,55502.46,8.95,1.04,874.422,884.632,889.803,39705.08,45414.8,46960.11,0.44
2019/6/10,875.62,875.77,862.13,858,34786.85,-9.47,-1.09,878.206,885.374,891.605,35763.35,44267.97,48180.36,0.28
2019/6/6,884,886.26,871.6,870,34067.36,-3.7,-0.42,886.84,885.261,891.439,36855.42,46595.14,51018.27,0.27
2019/6/5,895,895.43,875.3,871,39689.48,-16.7,-1.87,894.902,886.901,892.079,43171.34,46392.57,53409.05,0.32
2019/6/4,892,901.35,892,886.28,34479.24,2,0.23,897.442,888.871,892.814,50187.99,46662.18,56466.44,0.27
2019/6/3,900.53,906.99,890,890,35793.8,-15.3,-1.69,894.842,888.167,893.514,51124.53,47655.06,61497.47,0.28
2019/5/31,910,919.99,905.3,891.22,40247.2,-6.61,-0.72,892.542,889.846,897.714,52772.59,49059.84,61504.94,0.32
2019/5/30,888.01,924.95,911.91,888.01,65646.96,23.91,2.69,883.682,892.307,901.047,56334.87,49489.13,62121.19,0.52
2019/5/29,877.99,907.49,888,875.02,74772.77,9,1.02,878.9,893.816,902.702,49613.8,49236.86,61002.73,0.6
2019/5/28,879.1,882.99,879,860.05,39161.91,0.5,0.06,880.3,893.673,905.92,43136.37,47757.9,59254.15,0.31
2019/5/27,865,885,878.5,864.44,44034.09,17.5,2.03,881.492,894.973,910.47,44185.59,48505.42,59557.41,0.35
2019/5/24,881,883.98,861,856.22,58058.63,-27,-3.04,887.15,897.835,915.293,45347.09,52092.75,59798.31,0.46
2019/5/23,894.98,904,888,880,32041.58,-7,-0.78,900.932,897.616,919.703,42643.39,55441.4,58926.77,0.26
2019/5/22,885,910,895,872.02,42385.65,10.04,1.14,908.732,897.256,922.931,48859.92,60425.54,58943.68,0.34
2019/5/21,900,900,884.96,871,44407.99,-21.83,-2.41,907.046,896.756,925.456,52379.42,66270.7,57804.33,0.35
2019/5/20,927.02,932.3,906.79,900.1,49841.61,-23.12,-2.49,908.454,898.86,928.808,52825.26,75339.87,57621.98,0.4
2019/5/17,919,932,929.91,905,44540.12,2.91,0.31,908.52,905.581,930.463,58838.41,73950.03,57451.07,0.35
2019/5/16,890.24,933,927,890.24,63124.25,40.43,4.56,894.3,909.787,929.318,68239.42,74753.25,57500.2,0.5
2019/5/15,885,906,886.57,873,59983.12,-5.43,-0.61,885.78,911.587,928.668,71991.16,72768.59,56774.59,0.48
2019/5/14,898.86,910.98,892,884,46637.18,-15.12,-1.67,886.466,918.167,930.599,80161.99,70750.41,56830.56,0.37
2019/5/13,875.66,910.78,907.12,868.19,79907.38,48.31,5.62,889.266,925.967,933.399,97854.49,70609.4,57889.42,0.64
2019/5/10,875,879.87,858.81,842.5,91545.15,-25.59,-2.89,902.642,932.75,933.293,89061.65,67503.86,56293.54,0.73
2019/5/9,860,901.8,884.4,860,81882.98,-5.6,-0.63,925.274,941.789,935.362,81267.08,62412.14,55028.88,0.65
2019/5/8,893.28,913.94,890,870.22,100837.26,-16,-1.77,937.394,948.605,934.392,73546.02,57461.82,53723.35,0.8
2019/5/7,925.5,935,906,893,135099.69,-68,-6.98,949.868,954.155,932.117,61338.84,49337.95,50834.33,1.08
2019/5/6,968,984.96,974,963.11,35943.18,2.03,0.21,962.668,958.755,929.317,43364.3,39904.08,46740.7,0.29
2019/4/30,945,989,971.97,935,52572.3,26.97,2.85,962.858,955.345,923.567,45946.07,40952.11,47990.27,0.42
2019/4/29,946.3,959.88,945,945,43277.68,-7.37,-0.77,958.304,948.848,917.668,43557.21,40247.14,49908.35,0.34
2019/4/26,968.79,973.99,952.37,951.22,39801.34,-17.63,-1.82,959.816,945.748,910.758,41377.63,40780.59,50622.81,0.32
2019/4/25,979.88,990,970,951.22,45227,-4.95,-0.51,958.442,943.031,902.565,37337.06,42910.71,50773.11,0.36
2019/4/24,951,981.22,974.95,949.2,48852.05,25.75,2.71,954.842,940.83,892.715,36443.87,45169.45,50391.54,0.39
2019/4/23,959.5,978.89,949.2,940.61,40627.96,-3.36,-0.35,947.832,933.835,882.747,35958.14,45083.23,49812.46,0.32
2019/4/22,943.96,960.95,952.56,931.31,32379.78,7.06,0.75,939.392,928.935,874.987,36937.08,47645.62,49306.94,0.26
2019/4/19,945.41,954.68,945.5,936.22,19598.52,-6.5,-0.68,931.68,920.179,866.647,40183.56,49984.88,49316.62,0.16
2019/4/18,938,955.51,952,925,40761.02,12.1,1.29,927.62,910.079,859.012,48484.36,52330.71,49892.57,0.32
2019/4/17,904.9,939.9,939.9,901.22,46423.44,32.9,3.63,926.818,899.879,851.042,53895.03,53577.31,49886.26,0.37
2019/4/16,931,939,907,907,45522.64,-7,-0.77,919.838,891.789,844.552,54208.31,55028.43,51631.03,0.36
2019/4/15,909,919.99,914,900.01,48612.17,-11.2,-1.21,918.478,886.488,838.067,58354.16,59569.56,51974.93,0.39
2019/4/12,948,950,925.2,905.55,61102.54,-22.79,-2.4,908.678,875.768,831.267,59786.2,60465.02,52652.95,0.49
2019/4/11,903,951.9,947.99,900,67814.38,42.99,4.75,892.538,862.098,822.707,56177.05,58635.5,51625.89,0.54
2019/4/10,903,908.2,905,892.51,47989.8,4.8,0.53,872.94,844.599,812.558,53259.59,55613.64,50860.67,0.38
2019/4/9,900,908,900.2,890.12,66251.93,35.2,4.07,863.74,831.659,805.235,55848.55,54541.7,51114.05,0.53
2019/4/8,840,865.8,865,836.2,55772.36,20.5,2.43,854.498,821.039,797.1,60784.96,50968.26,50415.21,0.44
2019/4/4,840.12,851.74,844.5,834.21,43056.8,-5.5,-0.65,842.858,813.114,791.28,61143.84,48648.35,50635.62,0.34
2019/4/3,859.99,859.99,850,836.06,53227.05,-9,-1.05,831.658,807.944,787.455,61093.95,47454.42,50819.35,0.42
2019/4/2,860,868.95,859,851,60934.61,5.01,0.59,816.258,802.205,783.944,57967.68,46195.21,50399.52,0.49
2019/4/1,835,866.68,853.99,830.17,90933.96,47.19,5.85,799.578,797.314,780.087,53234.85,48233.63,51582.09,0.72
2019/3/29,793.43,814.48,806.8,785.68,57566.76,18.3,2.32,787.58,789.645,776.852,41151.56,44380.3,50227.41,0.46
2019/3/28,781,793.88,788.5,775,42807.39,15.5,2,783.37,786.765,774.263,36152.86,44840.88,50198.38,0.34
2019/3/27,780,785.94,773,764.1,37595.69,-2.6,-0.34,784.23,783.315,771.873,33814.89,44616.28,51355.12,0.3
2019/3/26,786,788,775.6,773.3,37270.46,-18.4,-2.32,788.152,780.516,769.59,34422.74,46107.71,52373.57,0.3
2019/3/25,788.22,799.98,794,785,30517.5,8.25,1.05,795.05,778.81,767.927,43232.41,47686.39,54641.18,0.24
2019/3/22,788,792.8,785.75,781.5,32573.28,-7.05,-0.89,791.71,773.16,764.527,47609.05,49862.17,54410.74,0.26
2019/3/21,790,802.3,792.8,785,31117.52,0.19,0.02,790.16,769.445,761.252,53528.9,52622.89,54274.6,0.25
2019/3/20,803,807.92,792.61,792.3,40634.93,-17.48,-2.16,782.4,766.965,757.712,55417.67,54184.28,54612.84,0.32
2019/3/19,778.8,814.53,810.09,777,81318.8,32.79,4.22,772.88,765.682,754.62,57792.69,54603.84,54056.17,0.65
2019/3/18,776,787.5,777.3,764.85,52400.71,-0.7,-0.09,762.57,762.859,751.115,52140.38,54930.56,51877.52,0.42
2019/3/15,757,785,778,754,62172.56,24,3.18,754.61,764.059,748.489,52115.28,56074.51,50419.39,0.49
2019/3/14,745.5,760.75,754,745.5,40561.36,8.99,1.21,748.73,761.76,746.447,51716.88,55555.88,48923.67,0.32
2019/3/13,763.82,763.83,745.01,739,52510.01,-13.53,-1.78,751.53,760.43,745.51,52950.88,58093.97,48679.45,0.42
2019/3/12,740.04,766.95,758.54,740.04,53057.24,21.04,2.85,758.484,758.664,744.155,51414.99,58639.43,47808.52,0.42
2019/3/11,737.9,746.83,737.5,733.65,52275.25,-11.1,-1.48,763.148,757.043,742.493,57720.73,61595.97,48062.7,0.42
2019/3/8,762.22,762.22,748.6,745.56,60180.53,-19.4,-2.53,773.508,755.894,740.252,60033.73,58959.32,46974.97,0.48
2019/3/7,775,779.5,768,765.88,46731.37,-11.78,-1.51,774.79,753.059,737.302,59394.87,55926.31,45800.77,0.37
2019/3/6,785,789.55,779.78,775.88,44830.56,-2.08,-0.27,769.33,748.459,732.702,63237.05,55041.41,44599.2,0.36
2019/3/5,795,798.33,781.86,777.22,84585.96,-7.44,-0.94,758.844,743.557,727.963,65863.87,53508.5,43874.8,0.67
2019/3/4,761.5,790,789.3,761,63840.23,34.29,4.54,750.938,739.371,722.72,65471.2,48824.49,41450.64,0.51
2019/3/1,737.9,763.42,755.01,736.95,56986.25,14.31,1.93,738.28,732.919,717.24,57884.91,44764.27,39707.95,0.45
2019/2/28,733,758.02,740.7,731,65942.27,13.35,1.83,731.328,731.134,713.114,52457.74,42291.46,38316.4,0.52
2019/2/27,747.8,749.18,727.35,726,57964.66,-14.98,-2.02,727.588,730.589,709.362,46845.76,39264.94,36700.53,0.46
2019/2/26,730.75,744.44,742.33,717.99,82622.59,16.32,2.25,728.27,729.646,706.545,41153.13,36977.61,35908.41,0.66
2019/2/25,717,728.49,726.01,714.1,25908.77,5.76,0.8,727.804,727.943,703.777,32177.79,34529.43,34129.87,0.21
2019/2/22,720,730.48,720.25,717,29850.4,-1.75,-0.24,727.558,724.609,701.657,31643.63,34990.61,36264.89,0.24
2019/2/21,735,735,722,716.06,37882.37,-8.76,-1.2,730.94,721.544,698.607,32125.17,35675.23,36286.61,0.3
2019/2/20,740.96,742.5,730.76,726.66,29501.5,-9.24,-1.25,733.59,716.944,695.562,31684.11,34156.99,36496.68,0.23
2019/2/19,731,744.95,740,731,37745.89,15.22,2.1,731.022,712.368,692.023,32802.1,34241.1,37809.84,0.3
2019/2/18,734.88,734.88,724.78,723.02,23237.98,-12.38,-1.68,728.082,706.068,686.253,36881.07,34076.8,37204.99,0.18
2019/2/15,731.2,743.66,737.16,730.14,32258.13,1.91,0.26,721.66,701.56,681.808,38337.6,34651.63,37987.3,0.26
2019/2/14,723,736.16,735.25,717.22,35677.06,17.33,2.41,712.148,695.094,675.889,39225.29,34341.35,37826.59,0.28
2019/2/13,723,725.49,717.92,715.2,35091.43,-7.38,-1.02,700.298,688.135,669.932,36629.87,34136.12,38537.35,0.28
2019/2/12,695,729.5,725.3,688.18,58140.75,32.63,4.71,693.714,683.443,664.276,35680.1,34839.2,38224.69,0.46
2019/2/11,697.04,699,692.67,689.61,30520.62,3.07,0.45,684.054,679.611,658.285,31272.52,33730.32,37055.16,0.24
2019/2/1,680,689.6,689.6,677.56,36696.57,13.6,2.01,681.46,678.705,653.752,30965.67,37539.17,37413.3,0.29
2019/1/31,684.99,686.22,676,676,22699.96,-9,-1.31,678.04,675.67,648.772,29457.41,36897.99,37127.34,0.18
2019/1/30,677.5,688,685,668,30342.59,8,1.18,675.972,674.18,644.921,31642.38,38836.36,39106.67,0.24
2019/1/29,684,693.98,677,676.03,36102.87,-2.7,-0.4,673.172,671.678,640.171,33998.3,41378.59,40773.45,0.29
2019/1/28,675.88,684.9,679.7,669.93,28986.35,7.2,1.07,675.168,666.438,634.471,36188.11,40333.19,40442.99,0.23
2019/1/25,670.3,677.83,672.5,664.68,29155.27,6.84,1.03,675.95,662.056,628.49,44112.68,41322.98,39886.98,0.23
2019/1/24,667.22,674.5,665.66,663.13,33624.81,-5.34,-0.8,673.3,656.683,623.155,44338.58,41311.84,39758.86,0.27
2019/1/23,686,686,671,665.22,42122.21,-15.98,-2.33,672.388,651.729,618.272,46030.34,42938.59,39033.11,0.34
2019/1/22,690,698.88,686.98,681.88,47051.93,3.37,0.49,670.184,645.108,613.092,48758.87,41610.18,38459.03,0.37
2019/1/21,665,690.2,683.61,661.5,68609.18,24.36,3.69,657.708,636.959,607.468,44478.27,40380,37453.48,0.55
2019/1/18,663,669.7,659.25,655.8,30284.76,-1.85,-0.28,648.162,628.798,602.178,38533.27,37287.43,35308.82,0.24
2019/1/17,658,665.65,661.1,653.6,42083.64,1.12,0.17,640.066,621.873,598.762,38285.1,37356.69,34755.69,0.34
2019/1/16,627.86,661.5,659.98,625,55764.85,35.38,5.66,631.07,615.661,595.233,39846.83,39376.97,33896.3,0.44
2019/1/15,633,635.89,624.6,621.55,25648.9,-11.28,-1.77,620.032,608.664,591.882,34461.48,40168.32,32335.78,0.2
2019/1/14,625,637,635.88,618.75,38884.21,17.11,2.77,616.21,602.504,590.74,36281.73,40552.79,33073.31,0.31
2019/1/11,617.13,624.88,618.77,610.25,29043.9,2.65,0.43,609.434,594.924,588.396,36041.58,38450.99,32125.17,0.23
2019/1/10,609.99,626.16,616.12,609.04,49892.27,11.33,1.87,603.68,589.626,586.607,36428.27,38205.88,31488.81,0.4
2019/1/9,605.5,612,604.79,600.28,28838.13,-0.7,-0.12,600.252,584.814,584.662,38907.11,35127.64,30226.23,0.23
2019/1/8,608,612,605.49,602.22,34750.13,3.49,0.58,597.296,581.076,583.773,45875.16,35307.87,30126.4,0.28
2019/1/7,587.28,607.67,602,582.02,37683.47,12,2.03,588.798,577.977,583.088,44823.85,34526.96,30276.8,0.3
2019/1/4,599.97,601.66,590,585.8,30977.35,-8.98,-1.5,580.414,575.557,583.493,40860.4,33330.21,30472.04,0.25
2019/1/3,609.98,612,598.98,595.01,62286.49,8.97,1.52,575.572,575.651,584.105,39983.5,32154.69,30496.86,0.5
2019/1/2,563.3,596.4,590.01,560,63678.37,27.01,4.8,569.376,574.805,584.216,31348.17,28415.63,31553.27,0.51
2018/12/28,570,571.85,563,562.22,29493.57,2.92,0.52,564.856,575.1,582.965,24740.58,24503.24,30819.88,0.23
2018/12/27,563.81,568.4,560.08,558,17866.2,-5.71,-1.01,567.156,578.975,582.395,24230.07,25593.82,31598.67,0.14
2018/12/26,562.22,567.5,565.79,553.61,26592.86,-2.21,-0.39,570.7,581.867,582.241,25800.02,25799.36,32092.26,0.21
2018/12/25,563.5,570.91,568,558,19109.86,0.59,0.1,575.73,583.587,581.357,24325.88,24771.73,31774.31,0.15
2018/12/24,571,573.45,567.41,562.21,30640.43,-7.09,-1.23,580.234,584.51,580.562,25483.08,25324.81,31774.82,0.24
2018/12/21,576.22,581.5,574.5,568.89,26940.98,-3.3,-0.57,585.344,586.469,580.037,24265.89,24944.94,31249.11,0.21
2018/12/20,589,590.99,577.8,576.03,25715.96,-13.14,-2.22,590.794,588.199,579.537,26957.58,26026.64,30962.73,0.2
2018/12/19,585.88,591.54,590.94,585,19222.18,0.42,0.07,593.034,591.429,578.882,25798.69,27613.87,31032.3,0.15
2018/12/18,592.57,595.97,590.52,585.01,24895.85,-2.44,-0.41,591.444,592.558,577.415,25217.58,28839.04,31418.35,0.2
2018/12/17,598.01,599.8,592.96,592,24554.48,-8.79,-1.46,588.786,593.626,576.34,25166.54,34690.92,31982.52,0.2
2018/12/14,590,606.88,601.75,589.6,40399.41,12.75,2.17,587.594,590.83,574.692,25623.98,37136.52,32201.74,0.32
2018/12/13,588.79,589.2,589,582.8,19921.54,6.01,1.03,585.604,585.815,572.589,25095.71,37603.52,31723.44,0.16
2018/12/12,577,586.55,582.99,577,16316.6,5.76,1,589.824,582.615,570.894,29429.04,38385.16,32815.7,0.13
2018/12/11,576,587.5,577.23,574.18,24640.68,-9.77,-1.66,593.672,579.126,570.245,32460.5,38776.88,35321.32,0.2
2018/12/10,595.6,598.86,587,584.7,26841.67,-4.8,-0.81,598.466,576.614,568.983,44215.3,38224.83,37480.5,0.21
2018/12/7,600,605.98,591.8,590.36,37758.07,-18.3,-3,594.066,573.604,567.733,48649.06,37553.29,37355.26,0.3
2018/12/6,597.5,616.5,610.1,595,41588.19,7.87,1.31,586.026,570.874,566.66,50111.33,35898.81,37155.54,0.33
2018/12/5,602.99,604.26,602.23,595,31473.88,1.03,0.17,575.406,566.334,564.475,47341.28,34450.73,36981.52,0.25
2018/12/4,589,605,601.2,584.77,83414.68,36.2,6.41,564.58,562.271,562.664,45093.27,33997.66,37686.13,0.66
2018/12/3,557,568.89,565,553,49010.46,13.4,2.43,554.762,559.053,561.394,32234.37,29274.12,37291.25,0.39
2018/11/30,566.03,569.8,551.6,549.01,45069.45,-5.4,-0.97,553.142,558.553,563.139,26457.52,27266.95,39298.58,0.36
2018/11/29,550.85,559.19,557,545.5,27737.93,8.9,1.62,555.722,559.363,563.709,21686.3,25843.35,41950.44,0.22
2018/11/28,552,554.99,548.1,546.5,20233.82,-4.01,-0.73,557.262,559.173,563.304,21560.17,27246.24,45407.79,0.16
2018/11/27,558,560.2,552.11,552,19120.19,-4.79,-0.86,559.962,561.363,562.099,22902.06,31865.76,54615.93,0.15
2018/11/26,564,567.3,556.9,556.9,20126.21,-7.6,-1.35,563.344,561.352,561.948,26313.87,36736.16,56113.72,0.16
2018/11/23,565.15,567.33,564.5,558,21213.33,-0.2,-0.04,563.964,561.862,564.608,28076.39,37157.23,57873.78,0.17
2018/11/22,554,568.9,564.7,553.68,27107.3,3.1,0.55,563.004,562.446,567.333,30000.4,38412.27,60591.53,0.22
2018/11/21,565,568,561.6,560,26943.26,-7.42,-1.3,561.084,562.616,570.947,32932.31,39512.31,63041.81,0.21
2018/11/20,560.3,572,569.02,559.11,36179.25,9.02,1.61,562.764,563.056,574.954,40829.46,41374.6,67850.28,0.29
2018/11/19,561,566,560,558.03,28938.79,0.3,0.05,559.36,563.734,581.153,47158.46,45308.39,69696.75,0.23
2018/11/16,558.8,564.8,559.7,555.5,30833.4,4.6,0.83,559.76,567.724,586.653,46238.06,51330.2,72059.77,0.25
2018/11/15,569.96,569.96,555.1,552.55,41766.83,-14.9,-2.61,561.888,568.054,590.965,46824.13,58057.53,73125.91,0.33
2018/11/14,546.12,570,570,543,66429.05,18,3.26,564.148,567.434,596.496,46092.32,63569.33,73191.42,0.53
2018/11/13,553,554.2,552,536.8,67824.22,-10,-1.78,563.348,562.834,601.353,41919.74,77366.1,71189.65,0.54
2018/11/12,567.22,569,562,562,24336.82,-8.34,-1.46,568.108,562.543,607.098,43458.31,75491.27,69578.8,0.19
2018/11/9,574,577,570.34,568,33763.74,3.94,0.7,575.688,567.353,612.398,56422.34,78590.33,71085.59,0.27
2018/11/8,569,574.95,566.4,562.01,38107.78,0.4,0.07,574.22,572.219,616.131,69290.94,82770.79,73976.5,0.3
2018/11/7,574,574.16,566,558.01,45566.14,-9.8,-1.7,570.72,579.278,621.357,81046.34,86571.3,75226.02,0.36
2018/11/6,593,593,575.8,571.77,75517.08,-24.1,-4.02,562.32,586.852,627.807,112812.45,94325.96,74958.86,0.6
2018/11/5,585,600,599.9,572.24,89156.96,36.9,6.55,556.978,598.572,633.324,107524.23,94085.11,75320.25,0.71
2018/11/2,555,585.5,563,551.25,98106.72,14.1,2.57,559.018,605.582,639.829,100758.32,92789.35,72616.89,0.78
2018/11/1,527,555,548.9,522,96884.82,24.9,4.75,570.218,613.876,647.879,96250.65,88194.28,69736.98,0.77
2018/10/31,510,543,524,509.02,204396.67,-25.09,-4.57,587.836,625.558,656.681,92096.25,82813.51,68507.13,1.63
2018/10/30,549.09,549.09,549.09,549.09,49076,-61.01,-10,611.384,639.872,665.332,75839.46,65013.2,59819.29,0.39
2018/10/29,619,625,610.1,607.98,55327.38,-8.9,-1.44,640.166,651.653,672.878,80645.98,63666.33,59496.35,0.44
2018/10/26,620,622.5,619,608.58,75568.38,-17.99,-2.82,652.146,657.443,676.3,84820.38,63580.85,58105.96,0.6
2018/10/25,628.11,650,636.99,620,76112.82,-4.75,-0.74,657.534,660.042,679.421,80137.91,65182.21,56738.63,0.61
2018/10/24,689,689,641.74,635,123112.73,-51.26,-7.4,663.28,663.435,680.907,73530.76,63880.74,54825.93,0.98
2018/10/23,675,702.02,693,675,73108.57,23,3.43,668.36,668.761,681.11,54186.94,55591.75,50125.94,0.58
2018/10/22,638,675,670,635.08,76199.38,24.06,3.73,663.14,668.076,678.605,46686.68,56555.4,48515.52,0.61
2018/10/19,660,660,645.94,644.97,52156.07,-19.78,-2.97,662.74,674.076,676.704,42341.32,52444.44,47091.21,0.42
2018/10/18,675,677.3,665.72,649.9,43077.07,-1.42,-0.21,662.55,681.882,675.907,50226.5,51279.69,46541.27,0.34
2018/10/17,665.98,679.53,667.14,662.01,26393.6,0.24,0.04,663.59,687.803,674.921,54230.72,54200.76,45362.26,0.21
2018/10/16,669.49,671.95,666.9,660.03,35607.3,-1.1,-0.17,669.162,690.791,673.804,56996.57,54625.39,45102.69,0.28
2018/10/15,651,672.68,668,650.58,54472.56,23.01,3.57,673.012,694.102,673.008,66424.11,55326.38,44784.33,0.43
2018/10/12,635.01,668.94,644.99,635.01,91581.96,-25.93,-3.87,685.412,695.157,671.808,62547.56,52631.07,44179.23,0.73
2018/10/11,697.26,698,670.92,669.69,63098.2,-24.08,-3.46,701.214,698.8,672.448,52332.88,48295.06,41049.3,0.5
2018/10/10,686.9,698.71,695,685.9,40222.83,8.85,1.29,712.016,698.378,672.654,54170.79,45771.11,38971.42,0.32
2018/10/9,715.41,719,686.15,686.15,82745.02,-43.85,-6.01,712.42,693.459,671.214,52254.21,44660.12,38469.27,0.66
2018/10/8,726.7,733.2,730,718.88,35089.8,6,0.83,715.192,689.134,669.866,44228.64,40475.64,37281.06,0.28
2018/9/28,727.5,728,724,715.4,40508.53,-0.93,-0.13,704.902,679.332,667.386,42714.58,41737.97,37215.99,0.32
2018/9/27,702.1,732.68,724.93,701.99,72287.77,27.91,4,696.386,669.932,665.479,44257.24,41802.86,36560.76,0.58
2018/9/26,695,705.77,697.02,693.26,30639.91,-2.99,-0.43,684.74,662.039,663.282,37371.42,36523.77,34570.82,0.24
2018/9/25,682,700.01,700.01,680.01,42617.2,21.46,3.16,674.498,656.817,662.796,37066.03,35579.99,35439.67,0.34
2018/9/21,685.2,686.9,678.55,677.36,27519.48,-2.87,-0.42,663.076,651.913,660.811,36722.63,34242.28,34613.32,0.22
2018/9/20,666.58,686,681.42,666,48221.84,14.72,2.21,653.762,648.458,660.394,40761.36,35727.39,34605.21,0.38
2018/9/19,643,668,666.7,642.22,37858.68,20.89,3.23,643.478,646.095,659.708,39348.47,33803.55,33227.9,0.3
2018/9/18,645,652.96,645.81,641.06,29112.95,2.91,0.45,639.338,646.929,659.947,35676.11,32171.73,33947.41,0.23
2018/9/17,633.98,649.78,642.9,628.53,40900.19,10.92,1.73,639.136,648.969,659.896,34093.96,32278.42,34934.38,0.33
2018/9/14,638,642,631.98,620,47713.16,1.98,0.31,640.75,650.598,659.497,31761.93,34086.49,35218.1,0.38
2018/9/13,643,644.87,630,628.01,41157.37,-16,-2.48,643.154,655.44,660.348,30693.42,32694.01,35829.44,0.33
2018/9/12,645.57,650.97,646,640.63,19496.87,1.2,0.19,648.712,661.025,661.983,28258.63,31318.67,35521.42,0.16
2018/9/11,652.2,653.81,644.8,640.7,21202.2,-6.17,-0.95,654.52,664.525,663.708,28667.35,32617.88,35631.42,0.17
2018/9/10,645.5,658.03,650.97,645.14,29240.06,6.97,1.08,658.802,668.775,665.423,30462.88,35299.35,36299.83,0.23
2018/9/7,652,659.26,644,640,42370.58,-13.79,-2.1,660.446,669.708,667.232,36411.05,34984.37,36028.71,0.34
2018/9/6,675,676.99,657.79,657,28983.42,-17.25,-2.56,667.726,672.329,669.642,34694.6,33483.04,35634.47,0.23
2018/9/5,666.8,676,675.04,661.6,21540.48,8.83,1.32,673.338,673.32,670.57,34378.72,32652.25,35669.57,0.17
2018/9/4,652,667.67,666.21,650.8,30179.84,7.02,1.06,674.53,672.965,671.138,36568.41,35723.1,36546.83,0.24
2018/9/3,676.25,677,659.19,656.5,58980.93,-21.21,-3.12,678.748,670.823,671.311,40135.82,37590.35,37300.24,0.47
2018/8/31,688.21,692.6,680.4,679.01,33788.33,-5.45,-0.8,678.97,668.396,672.257,33557.69,36349.72,36718.04,0.27
2018/8/30,682,688.88,685.85,679.1,27404.03,4.85,0.71,676.932,665.256,672.998,32271.48,38964.87,37778.7,0.22
2018/8/29,693,693.78,681,678.55,32488.9,-6.3,-0.92,673.302,662.941,674.456,30925.77,39724.17,37670.39,0.26
2018/8/28,662,687.3,687.3,662,48016.92,27,4.09,671.4,662.891,676.725,34877.8,38644.97,37080.12,0.38
2018/8/27,669,669,660.3,656.46,26090.26,-9.91,-1.48,662.898,662.071,678.24,35044.88,37300.32,36787.86,0.21
2018/8/24,671.7,678.5,670.21,665.18,27357.27,2.51,0.38,657.822,664.756,682.168,39141.74,37073.06,36529.02,0.22
2018/8/23,671,673.2,667.7,663,20675.51,-3.79,-0.56,653.58,666.955,685.453,45658.26,37785.9,36314.52,0.16
2018/8/22,647,672.3,671.49,647,52249.02,26.7,4.14,652.58,667.819,689.26,48522.57,38686.9,36367.94,0.42
2018/8/21,632.45,645.55,644.79,616.86,48852.34,9.93,1.56,654.382,669.31,692.96,42412.14,37370.55,35845.92,0.39
2018/8/20,657.5,657.5,634.92,630.01,46574.57,-13.52,-2.08,661.244,671.799,697.321,39555.75,37010.13,35201.8,0.37
2018/8/17,652,668.5,649,640,59939.85,-13.8,-2.08,671.69,676.117,702.642,35004.37,37086.37,34400.5,0.48
2018/8/16,679.8,680,662.7,661,34997.09,-17.43,-2.56,680.33,680.74,707.265,29913.55,36592.53,32307.43,0.28
2018/8/15,679.22,684.5,680.5,673.51,21696.83,1.28,0.19,683.058,685.97,711.028,28851.22,35616.61,31783.66,0.17
2018/8/14,683,683,679.1,666.68,34570.41,-8.08,-1.18,684.238,690.559,714.128,32328.97,35515.27,32089.12,0.28
2018/8/13,691.88,694.77,687.15,684.2,23817.67,-4.73,-0.68,682.354,694.408,717.901,34464.51,36275.4,31984.34,0.19
2018/8/10,671,694.5,692.2,670.12,34485.75,15.98,2.36,680.544,699.58,720.893,39168.38,35984.99,32238.81,0.27
2018/8/9,687.02,689,676.34,671.87,29685.44,-9.94,-1.45,681.15,703.95,723.158,43271.51,34843.14,32523.02,0.24
2018/8/8,672.3,687.83,686.4,662.02,39085.59,16.72,2.5,688.882,710.7,725.313,42382,34048.99,32252.68,0.31
2018/8/7,677,684,669.68,662.25,45248.12,-9.31,-1.37,696.88,716.61,727.277,38701.58,34321.29,31748.92,0.36
2018/8/6,695,695,678.1,676.2,47336.99,-17.74,-2.55,706.462,722.842,730.16,38086.28,33393.47,31515.15,0.38
2018/8/3,715.97,715.97,695.23,687.88,55001.43,-19.71,-2.76,718.616,729.167,731.955,32801.61,31714.62,31356.13,0.44
2018/8/2,731.4,732.3,715,714.11,25237.88,-11.44,-1.57,726.75,733.789,732.318,26414.77,28022.32,30962.25,0.2
2018/8/1,720.3,727.88,726.39,719.21,20683.46,7.18,1,732.518,736.086,731.107,25715.97,27950.71,31599.89,0.16
2018/7/31,738.9,740.66,717.59,715,42171.66,-20.97,-2.84,736.34,737.697,729.531,29941,28662.96,34707.57,0.34
2018/7/30,736,744.3,738.87,730,20913.6,3.25,0.44,739.222,741.393,729.202,28700.65,27693.28,34476.89,0.17
2018/7/27,748.9,748.9,735.9,734.23,23067.26,-7.91,-1.06,739.718,742.206,728.848,30627.63,28492.63,35077.68,0.18
2018/7/26,746.95,749.88,743.84,740.01,21743.88,-1.56,-0.21,740.828,742.366,727.602,29629.87,30202.91,36466.01,0.17
2018/7/25,732.68,747.3,745.5,723,41808.6,13.43,1.83,739.654,739.925,726.537,30185.44,30456.36,38243.72,0.33
2018/7/24,736,741.15,732,720.01,35969.89,-9.13,-1.23,739.054,737.944,727.012,27384.93,29176.55,38482.19,0.29
2018/7/23,741.5,743.13,741.35,728,30548.5,0.4,0.05,743.564,737.478,728.69,26685.92,29636.83,38330.4,0.24
2018/7/20,739,743.95,741.45,735.02,18078.5,4.01,0.54,744.694,734.743,729.963,26357.63,30997.64,38245.72,0.14
2018/7/19,742.43,749.69,737.97,735,24521.71,-4.46,-0.6,743.904,730.847,730.884,30775.94,33902.17,39300.92,0.2
2018/7/18,757,757,742.5,736.02,27806.03,-12.18,-1.61,740.196,726.127,732.163,30727.29,35249.07,40366.73,0.22
2018/7/17,752.3,764.11,754.55,751.03,32474.87,7.56,1.01,736.834,721.365,731.934,30968.17,40752.18,41986.23,0.26
2018/7/16,742.3,748.1,747,735.12,28907.04,9.46,1.28,731.392,717.01,732.876,32587.73,41260.5,41947.87,0.23
2018/7/13,718,741.17,737.5,718,40170.04,17.92,2.49,724.792,715.49,734.83,35637.65,41662.73,42310.5,0.32
2018/7/12,710,724,719.43,702.22,24278.45,-6.33,-0.87,717.79,712.837,737.48,37028.4,42729.12,42064.21,0.19
2018/7/11,729,731.5,725.69,713.33,29010.47,-1.55,-0.21,712.058,713.149,741.483,39770.86,46031.07,43614.65,0.23
2018/7/10,720.03,729.86,727.34,719.73,40572.66,13.22,1.85,705.896,716.08,743.988,50536.18,47787.82,43991.5,0.32
2018/7/9,707,720.93,714,699.26,44156.61,11.61,1.65,702.628,719.902,746.496,49933.27,47023.97,43710.79,0.35
2018/7/6,700,716.2,702.49,700,47123.8,11.58,1.68,706.188,725.182,749.846,47687.81,45493.79,43461.35,0.38
2018/7/5,692,700,690.77,688,37990.75,-4.15,-0.6,707.884,730.921,754.023,48429.83,44699.67,43553.63,0.3
2018/7/4,709.76,715.78,694.88,678.23,82837.1,-16.67,-2.34,714.24,738.198,758.927,52291.29,45484.4,44285.58,0.66
2018/7/3,734.52,739.33,711,703,37558.11,-20.46,-2.8,726.264,742.502,763.281,45039.46,43220.27,43834.02,0.3
2018/7/2,712.3,732.3,731.8,705,32929.27,20.87,2.94,737.176,748.742,764.981,44114.67,42635.23,43765,0.26
2018/6/29,714,719,710.97,697,50833.94,-11.47,-1.59,744.176,754.169,765.97,43299.78,42958.27,45711.18,0.4
2018/6/28,752,757,722.55,721,57298.01,-32.25,-4.27,753.958,762.122,766.705,40969.5,41399.31,45026.84,0.46
2018/6/27,765.31,769.88,755,747,46577.98,-10.56,-1.38,762.156,769.817,767.148,38677.5,41198.22,44202.95,0.37
2018/6/26,766,778.97,765.56,764.9,32934.16,-0.97,-0.13,758.74,771.895,766.423,41401.08,40195.18,44014.31,0.26
2018/6/25,754,767,766.8,750,28854.81,7.48,0.98,760.308,773.09,763.986,41155.8,40397.61,43693.18,0.23
2018/6/22,765.22,778.89,759.88,758.77,39182.55,-3.71,-0.49,764.162,774.51,761.396,42616.76,41428.9,43771.25,0.31
2018/6/21,741,765,763.54,741,45838.02,25.54,3.46,770.286,777.124,759.585,41829.12,42407.6,43225.56,0.36
2018/6/20,769,769,737.92,737,60195.87,-35.41,-4.58,777.478,779.655,758.388,43718.93,43086.76,41783.61,0.48
2018/6/19,773.2,778.58,773.4,769.1,31707.73,-1.73,-0.22,785.05,784.059,758.232,38989.27,44447.77,40226.79,0.25
2018/6/15,790,793.8,786.07,775.18,36159.61,-4.26,-0.54,785.872,781.219,756.516,39639.41,44894.76,40104.16,0.29
2018/6/14,800,802.62,790.5,788.88,35244.37,-8.69,-1.09,784.858,777.77,753.572,40241.05,48464.09,39722.08,0.28
2018/6/13,778,803.5,799.5,776.5,55287.08,23.77,3.06,783.962,771.288,750.758,42986.07,48654.36,39499.62,0.44
2018/6/12,776.05,786,775.78,768.33,36547.55,-2.17,-0.28,781.832,764.478,747.945,42454.59,47207.68,38638.06,0.29
2018/6/11,780,785.9,777.51,770,34958.46,-3.46,-0.44,783.068,760.95,746.256,49906.27,47833.45,39361.42,0.28
2018/6/8,789.98,795.55,781,778.9,39167.78,-4.75,-0.6,776.566,754.881,743.263,50150.11,46988.75,39570.58,0.31
2018/6/7,788,800.95,786.02,782.3,48969.48,-2.03,-0.26,770.682,748.281,739.93,56687.12,46113.6,39576.88,0.39
2018/6/6,786.5,794.7,788.85,777.23,52629.67,6.88,0.88,758.614,742.045,735.728,54322.65,44043.53,38744.96,0.42
2018/6/5,752.35,782.9,781.96,745.88,73805.97,36.85,4.95,747.124,737.12,732.932,51960.77,40480.45,38014.18,0.59
2018/6/4,751.13,754.98,745,738.76,36177.63,-6.13,-0.82,738.832,732.404,730.208,45760.62,36005.82,36025.75,0.29
2018/6/1,730.25,751.62,751.58,730.24,71852.87,25.71,3.54,733.196,731.812,729.338,43827.39,35313.57,36016.81,0.57
2018/5/31,727.22,737.3,725.68,720.05,37147.1,-5.75,-0.79,725.88,729.374,727.948,35540.08,30980.08,33777.06,0.3
2018/5/30,738.8,750,731.4,731.28,40820.27,-9,-1.22,725.476,730.228,728.099,33764.4,30344.89,33552.39,0.32
2018/5/29,718,740.66,740.5,715.12,42805.23,23.64,3.3,727.116,731.411,727.864,29000.14,30068.44,33033.26,0.34
2018/5/28,712,727,716.82,712,26511.46,1.42,0.2,725.976,731.561,726.892,26251.01,30889.39,32281.57,0.21
2018/5/25,720,728.66,715,713,30416.34,-8.78,-1.21,730.428,731.645,727.731,26799.75,32152.41,32762.41,0.24
2018/5/24,740,740,723.66,723.58,28268.71,-15.91,-2.15,732.868,731.578,728.888,26420.07,33040.15,32975.69,0.23
2018/5/23,735.22,739.84,739.6,730.02,16998.96,4.78,0.65,734.98,729.411,729.411,26925.37,33446.39,33446.39,0.14
2018/5/22,744,747.3,734.8,732.48,29059.58,-4.52,-0.61,735.706,728.279,728.279,31136.74,35273.88,35273.88,0.23
2018/5/21,723.99,741,739.08,721.19,29255.17,11.7,1.61,737.146,727.464,727.464,35527.76,36050.67,36050.67,0.23
2018/5/18,735.12,737.5,727.2,724,28517.93,-7.32,-1,732.862,725.804,725.804,37505.06,37021.45,37021.45,0.23
2018/5/17,740,745.66,734.22,733.28,30795.2,-8.84,-1.19,730.288,725.572,725.572,39660.23,38438.7,38438.7,0.25
2018/5/16,746,746.44,743.23,734,38055.8,0.82,0.11,723.842,723.842,723.842,39967.4,39967.4,39967.4,0.3
2018/5/15,724,743,742,724,51014.71,23.98,3.34,718.995,718.995,718.995,40445.31,40445.31,40445.31,0.41
2018/5/14,718.69,730.5,717.66,715.7,39141.65,3.47,0.49,711.327,711.327,711.327,36922.17,36922.17,36922.17,0.31
2018/5/11,703.5,716,714.33,703.5,39293.8,12.38,1.76,708.16,708.16,708.16,35812.43,35812.43,35812.43,0.31
2018/5/10,709.08,712.3,701.99,697.12,32331.06,-6.84,-0.96,701.99,701.99,701.99,32331.06,32331.06,32331.06,0.26
