year,ROEt,ATO,PM,LEV,GROWTH,PB,ARR,INV,ASSET,ROE
2002,0.296,0.389,0.215,4.384,0.197,8.048,0.637,0.248,20.873,0.181
2002,0.665,0.335,0.407,2.273,-0.084,2.154,-1.217,0.03,21.062,0.899
2002,-0.045,0.963,0.084,-5.339,4.155,-12.879,-0.598,0.096,21.474,1.504
2002,-0.783,0.437,-0.096,1.016,2.231,3.836,0.056,0.051,19.746,-0.777
2002,1.053,0.858,-0.154,-2.066,0.519,1.972,0.293,0.032,22.57,0.728
2002,0.59,0.528,0.197,-0.946,-1.441,2.405,-0.986,0.189,20.89,1.141
2002,-0.204,0.419,0.324,3.513,1.999,8.827,0.389,-0.06,21.965,0.568
2002,-0.845,0.891,0.131,4.628,1.733,7.522,-0.471,0.145,20.377,-0.171
2002,-0.065,-0.23,0.071,1.525,-2.436,-14.887,0.958,0.215,20.48,0.415
2002,1.001,-0.176,0.123,-0.891,2.257,-12.065,-0.336,0.065,20.455,0.699
2002,-0.03,0.864,0.036,6.487,-0.084,11.436,0.474,0.159,21.702,1.103
2002,-0.067,0.757,0.21,0.618,-1.873,3.037,0.567,0.083,19.686,0.59
2002,0.713,-0.359,0.376,5.269,-3.336,16.345,0.093,0.164,20.345,0.47
2002,-0.69,0.592,0.197,-5.14,-0.778,-17.419,0.412,0.079,20.018,-0.131
2002,0.506,0.158,0.099,4.332,-0.061,10.149,2.559,0.01,22.367,0.8
2002,0.955,0.854,0.448,-0.275,-1.164,-1.218,0.43,0.15,20.955,1.276
2002,0.386,0.504,0.328,-2.377,0.477,-12.5,0.179,0.08,21.171,0.609
2002,0.058,0.339,0.343,-1.085,-0.071,-0.41,0.979,0,20.242,0.63
2002,-0.278,1.052,0.291,0.899,2.812,-2.396,0.064,0.305,20.053,0.533
2002,0.039,0.604,0.015,9.026,-2.813,25.377,1.361,-0.064,20.553,-0.291
2002,-0.687,0.374,0.13,0.508,-2.942,-2.397,0.513,0.204,20.287,-0.424
2002,-0.755,0.144,0.385,3.285,-3.748,11.157,-0.955,-0.11,20.502,-0.038
2002,1.092,1.139,0.324,-0.915,1.96,3.832,-1.762,0.13,22.803,1.229
2002,0.536,0.006,-0.014,4.546,0.25,15.809,0.777,0.128,20.817,0.721
2002,0.833,0.384,0.502,-1.617,3.512,-3.78,0.991,0.022,20.558,0.74
2002,0.716,0.675,0.537,-1.141,-0.24,-3.385,-0.432,-0.007,20.059,1.195
2002,-0.118,0.439,0.02,3.938,0.509,-1.061,0.883,0.292,21.405,-0.451
2002,1.121,0.427,0.146,-0.495,-2.445,7.916,0.406,0.08,21.577,0.838
2002,0.178,0.694,0.038,1.974,-0.98,0.419,0.95,-0.044,21.375,0.844
2002,0.882,0.637,0.294,-0.943,4.592,-2.06,-1.033,-0.029,21.725,1.295
2002,-0.02,0.05,0.278,0.455,3.524,12.183,0.31,0.103,21.212,0.932
2002,-0.714,-0.063,0.277,2.303,3.629,12.955,-1.161,0.137,22.021,-0.195
2002,0.304,-0.416,0.274,-0.123,0.389,5.805,0.333,-0.131,21.689,0.108
2002,0.497,1.158,0.218,-0.514,-0.891,-3.464,-0.485,-0.004,21.535,0.596
2002,-0.041,-0.456,0.336,3.865,3.072,-2.731,1.173,-0.064,22.048,-0.236
2002,-0.938,-0.241,0.185,6.46,1.403,16.821,0.918,-0.03,20.068,0.465
2002,1.091,0.675,0.259,-3.348,1.661,-9.223,1.848,-0.113,21.486,0.728
2002,0.029,0.496,0.273,-1.508,-2.442,-2.068,0.923,0.088,22.324,0.824
2002,1.421,0.521,0.101,0.937,2.555,-4.382,0.166,-0.053,23.24,1.463
2002,0.294,1.243,0.273,-0.132,0.538,4.653,1.264,-0.008,20.846,0.268
2002,0.203,1.039,0.111,0.309,0.465,9.643,0.554,-0.03,20.539,0.644
2002,0.82,0.756,-0.05,3.986,1.603,9.866,0.706,-0.027,22.497,1.939
2002,0.222,0.608,-0.166,4.743,4.452,11.64,0.831,0.214,18.961,0.523
2002,-0.53,0.358,0.413,-2.131,1.039,-2.52,-0.106,0.029,19.974,-0.004
2002,0.565,0.322,0.583,0.611,0.557,3.069,-2.453,0.323,21.189,0.197
2002,-0.821,0.31,0.332,-0.642,1.285,-5.434,-1.156,0.104,21.465,0.43
2002,-1.225,-0.928,0.407,-0.416,2.195,2.557,0.438,0.085,21.036,5.285
2002,0.613,0.509,0.096,1.103,-2.236,4.538,0.019,0.154,22.191,0.826
2002,-0.727,0.262,0.291,4.469,2.215,24.078,0.914,0.005,20.445,0.388
2002,0.288,0.461,0.519,-1.089,0.791,-0.883,-1.778,0.1,21.629,0.775
2002,0.48,0.251,0.383,2.328,-2.067,-1.36,-0.173,0.271,22.211,0.926
2002,0.047,1.206,0.371,2.692,0.896,13.042,-1.312,0.057,21.52,0.234
2002,-0.097,0.275,0.214,4.323,-2.533,5.076,-0.769,0.133,21.978,-0.386
2002,-0.261,1.138,0.248,3.43,2.222,-2.898,0.354,0.038,22.312,0.943
2002,-1.149,0.094,-0.005,0.341,1.966,2.856,0.347,0.068,19.02,-0.852
2002,0.914,0.388,0.104,7.335,-0.551,14.58,-0.281,0.032,21.231,0.984
2002,-0.481,0.002,-0.088,2.417,0.169,4.728,2.024,0.141,21.487,-0.197
2002,0.055,0.296,0.451,-4.011,-0.564,-1.02,-1.287,-0.124,19.824,0.572
2002,0.406,0.364,0.506,2.032,0.615,12.251,-1.107,-0.18,21.845,1.006
2002,0.45,-0.657,0.475,3.982,0.307,17.524,-0.317,0.148,21.394,0.753
2002,0.287,0.461,0.336,-1.697,-1.423,-6.257,0.716,-0.061,19.977,0.698
2002,0.373,0.523,0.065,7.141,1.273,22.143,0.615,0.243,20.248,0.763
2002,0.002,0.691,-0.04,4.862,-1.582,18.779,0.087,0.038,21.291,0.451
2002,0.113,0.706,-0.009,-0.379,-0.105,-7.128,1.434,-0.174,20.95,0.857
2002,-0.325,0.212,0.159,2.104,-0.051,7.328,0.25,0.211,20.572,0.117
2002,0.726,0.566,0.04,2.925,-0.047,2.581,0.666,0.201,19.603,1.162
2002,0.062,0.396,-0.11,3.864,5.193,4.58,1.335,0.037,21.222,-0.029
2002,0.088,-0.313,0.252,5.883,-2.73,9.561,0.697,0.209,22.556,0.122
2002,-0.185,0.486,0.109,2.43,1.478,6.28,-0.19,0.072,22.505,-0.124
2002,0.797,0.67,0.361,2.706,-4.361,2.779,0.734,0.061,21.012,0.322
2002,0.408,-0.139,0.335,-0.924,-2.23,1.54,-0.139,0.233,20.592,-0.173
2002,0.404,0.561,0.487,-4.824,-1.642,-12.204,-0.654,0.197,22.606,0.105
2002,-0.172,0.001,0.584,1.213,2.101,13.424,-0.947,0.075,20.094,0.061
2002,-0.604,0.919,-0.074,5.627,-0.371,0.528,1.551,0.313,20.682,-0.213
2002,-0.506,0.033,0.49,-0.587,1.82,14.567,-0.112,0.156,20.763,0.841
2002,0.346,0.139,0.24,-0.317,3.362,-15.207,-0.335,0.081,22.342,1.304
2002,-0.751,1.134,-0.084,-0.938,-2.732,-0.152,2.14,0.285,20.539,-0.032
2002,-0.178,0.204,0.369,0.179,0.804,-1.615,0.132,0.212,20.562,0.461
2002,0.158,0.738,0.273,4.186,-1.281,2.731,0.805,0.09,20.087,0.109
2002,-0.056,-0.251,0.127,-0.097,-2.879,-10.698,0.813,-0.052,22.683,0.193
2002,0.203,0.593,0.687,-3.587,2.233,-0.703,0.669,0.169,20.426,0.66
2002,-1.033,0.228,0.239,-4.103,0.618,-0.377,0.289,-0.038,20.725,0.403
2002,0.615,0.186,-0.027,2.933,1.207,-3.623,2.024,0.152,21.209,0.334
2002,0.836,0.38,0.142,5.001,0.27,11.762,-0.231,0.145,21.622,0.888
2002,-0.972,-0.091,0.131,5.811,2.885,7.045,0.394,0.078,20.501,-0.553
2002,-0.394,0.795,0.202,-1.027,-2.936,6.371,1.718,0.016,21.504,0.466
2002,0.058,-0.104,0.467,-2.03,-1.106,-18.356,-1.863,0.074,22.855,0.653
2002,0.122,0.545,0.103,4.175,4.218,1.779,-0.014,0.125,21.605,0.799
2002,-0.552,0.703,0.443,-0.206,3.059,4.493,0.684,-0.051,20.55,-0.488
2002,0.218,0.25,0.29,0.445,2.812,10.258,-0.247,0.168,20.482,0.896
2002,0.153,0.784,-0.011,-0.146,-1.133,1.194,0.244,0.302,20.835,0.029
2002,-0.299,0.295,0.215,-0.721,0.312,5.194,0.197,0.184,20.984,0.098
2002,-0.456,1.09,0.455,-0.106,2.294,8.67,-0.742,0.086,19.559,0.494
2002,0.512,-0.413,0.232,2.736,-0.028,-0.51,-0.465,0.094,21.014,0.204
2002,0.333,0.877,0.027,-4.567,-1.687,-9.765,0.706,0,21.522,1.062
2002,-0.038,0.509,0.235,-2.91,0.274,-17.281,1.234,0.12,22.398,0.21
2002,0.104,0.041,0.645,-6.131,-1.045,-17.778,1.386,0.17,20.203,1.234
2002,1.127,0.267,0.341,2.229,-3.305,0.383,-0.5,0.129,22.504,0.449
2002,0.422,1.01,0.112,0.126,-0.548,-0.837,-0.78,0.174,21.896,0.739
2002,-0.041,-0.02,-0.033,1.116,2.098,-5.388,0.453,0.145,21.352,0.171
2002,0.642,0.385,0.369,-1.073,0.24,-6.594,-0.382,0.182,21.115,0.118
2002,-0.764,0.546,-0.038,-0.747,0.858,-18.298,-0.71,0.162,21.237,-0.27
2002,-0.442,0.665,0.127,-1.219,1.001,-6.381,-0.564,0.144,20.879,0.572
2002,0.393,0.398,0.193,4.154,2.801,-3.69,-0.878,0.282,21.823,0.792
2002,0.689,0.042,0.169,0.272,-0.186,-4.284,0.968,0.005,21.618,0.951
2002,0.173,0.338,0.322,-0.037,-3.331,-3.854,-0.234,-0.029,21.303,0.606
2002,-0.274,-0.259,0.029,1.439,3.862,6.712,0.89,0.003,21.343,0.257
2002,0.363,-0.11,0.409,3.983,-2.049,18.742,-0.931,0.256,20.026,0.633
2002,1.257,0.328,0.077,-5.102,2.744,-6.893,0.074,0.021,21.124,1.471
2002,-0.623,-0.467,0.186,-0.252,-1.195,-7.121,-0.862,-0.113,20.04,0.133
2002,0.19,0.312,0.139,2.348,-0.787,8.344,1.872,-0.191,20.755,0.643
2002,-1.001,0.192,0.127,2.899,0.555,8.832,3.162,-0.09,21.647,-0.136
2002,1.174,-0.095,0.32,1.503,0.993,-8.27,1.128,0.172,21.355,0.471
2002,0.7,-0.457,0.278,-5.023,-0.491,-12.875,1.024,0.095,21.867,0.381
2002,0.772,0.048,-0.047,-2.593,-2.328,-7.361,0.304,0.207,22.962,0.577
2002,0.438,1.041,-0.06,1.06,-0.249,10.459,1.143,0.295,19.02,0.212
2002,0.848,0.805,0.248,0.082,-2.141,3.855,-0.665,0.039,20.076,0.531
2002,0.093,0.494,0.1,4.392,1.209,14.608,0.443,0.068,20.84,0.633
2002,-0.81,0.656,-0.035,7.025,0.96,6.558,1.063,0.066,20.808,-0.471
2002,0.48,0.166,0.182,4.084,-0.905,14.906,1.177,0.242,20.636,0.301
2002,-0.641,-0.187,-0.175,4.953,0.174,18.795,0.149,0.057,21.744,-0.365
2002,-0.681,1.466,0.185,3.221,-0.514,18.321,-2.011,0.059,21.086,0.072
2002,0.206,-0.107,0.572,-1.805,0.899,-4.462,-1.052,0.116,19.679,0.868
2002,-0.022,0.667,0.267,1.303,-1.163,11.202,-0.432,0.1,20.05,-0.017
2002,-0.165,1.042,0.253,-1.519,0.729,4.27,-0.085,0.161,20.19,0.501
2002,0.15,-0.158,0.18,0.511,-1.109,-8.342,0.192,0.004,21.57,0.727
2002,0.195,0.602,0.266,-3.822,0.484,-3.56,0.196,0.131,21.106,0.567
2002,-0.41,0.059,-0.148,1.522,-2.469,-2.754,1.4,0.159,19.647,-0.041
2002,0.099,0.186,0.245,-0.32,-2.119,6.357,0.012,0.251,19.442,0.395
2002,-0.273,0.194,0.401,3.276,-1.335,1.033,0.143,-0.096,20.021,0.125
2002,-0.096,-0.167,0.28,1.369,-2.198,6.99,0.296,0.199,19.946,0.452
2002,0.785,0.638,0.319,2.134,-5.216,9.766,-0.664,0.229,20.83,0.748
2002,1.004,0.066,0.333,0.656,-0.378,2.876,-0.36,0.245,20.48,0.591
2002,0.68,0.624,0.161,-1.052,2.112,-3.677,0.87,-0.064,21.811,1.003
2002,0.95,0.388,0.394,1.001,-1.246,0.264,-1.754,-0.115,21.074,1.277
2002,-0.148,-0.058,0.196,4.176,1.401,-0.832,0.734,-0.082,19.902,0.274
2002,0.321,0.071,0.315,-2.195,-1.309,-1.2,0.001,0.214,21.931,1.21
2002,0.958,-0.918,0.576,-3.259,0.743,4.89,1.217,-0.066,21.835,0.979
2002,0.476,1.061,0.221,-0.109,-0.372,8.501,0.334,0.042,19.799,0.85
2002,0.546,0.35,0.522,-3.573,1.747,-7.205,-0.153,0.13,19.913,0.068
2002,0.146,0.303,0.218,5.908,-3.707,22.83,-0.828,0.125,20.368,0.084
2002,-0.111,-0.108,0.25,0.924,3.311,3.935,1.553,0.117,20.044,0.635
2002,0.204,0.85,0.236,-2.065,1.668,-4.82,0.028,0.188,20.825,0.326
2002,0.143,0.692,0.325,-0.431,1.386,-3.455,0.28,-0.044,21.467,-0.061
2002,0.824,-0.065,0.281,-4.962,-0.104,-13.958,1.212,-0.017,21.082,0.735
2002,-0.027,-0.238,0.219,-0.709,-2.116,-6.244,0.428,0.031,21.783,0.586
2002,-0.304,0.947,0.208,1.918,4.219,-3.46,0.691,0.184,21.36,0.246
2002,-0.429,0.065,0.156,2.792,2.211,7.343,0.754,0.244,21.81,0.157
2002,0.349,0.404,0.429,4.407,3.614,20.009,-0.002,0.027,21.96,0.953
2002,-0.311,0.004,0.177,3.388,-2.005,0.42,0.456,-0.016,21.531,-0.57
2002,0.138,0.233,0.124,-3.473,0.393,-18.468,0.23,-0.055,21.105,0.121
2002,-0.812,0.456,0.434,7.174,-0.732,25.161,-0.007,-0.09,20.942,-0.755
2002,0.988,0.122,0.361,-2.961,2.571,5.456,-1.267,0.125,21.275,1.106
2002,-0.351,0.135,0.089,3.368,4.358,9.701,1.729,0.042,19.278,0.361
2002,-0.433,0.56,0.206,-5.237,2.009,-20.816,0.636,0.082,20.655,0.598
2002,0.085,0.394,0.108,1.478,0.39,22.824,1.095,-0.057,20.299,0.957
2002,0.701,-0.159,0.491,-2.069,2.471,-17.58,0.277,0.039,20.507,0.585
2002,0.355,0.284,0.342,5.575,-1.459,14.045,-0.72,0.117,21.652,0.356
2002,-0.127,0.164,0.53,-1.339,-0.112,-5.252,-0.015,-0.127,22.347,0.21
2002,-0.173,0.942,-0.086,-0.086,-0.166,2.653,1.442,0.192,20.032,-0.128
2002,0.197,0.941,0.093,-3.885,-0.791,-7.089,0.948,-0.054,21.478,0.467
2002,0.33,0.624,0.058,-2.573,-1.302,-7.413,1.024,0.244,21.81,0.259
2002,-0.003,0.072,0.174,-1.131,-2.481,-4.7,0.579,0.166,19.973,0.557
2002,0.176,0.47,0.154,5.591,1.631,15.108,0.355,0.167,21.925,0.216
2002,-0.311,0.552,0.101,1.897,-0.505,-1.402,-0.373,0.173,21.873,-0.249
2002,0.051,-0.225,0.137,-0.353,1.362,2.457,-1.173,0.28,20.677,0.948
2002,-0.147,0.67,0.133,-5.188,-2.138,-12,-0.085,-0.083,22.676,-0.148
2002,0.187,-0.058,0.171,1.656,1.944,8.631,1.949,0.142,20.551,-0.105
2002,-0.148,-0.102,0.122,-0.517,-1.703,-7.244,-0.859,-0.002,23.414,0.833
2002,0.34,0.829,0.136,5.263,-2.392,16.862,1.199,0.073,21.99,0.835
2002,-0.362,1.237,0.104,7.077,-5.792,16.846,-0.487,0.25,21.551,0.014
2002,1.031,0.345,0.39,-4.375,-3.012,-6.746,-1.458,0.161,20.727,0.391
2002,0.571,0.425,0.292,-7.54,-4.013,-2.105,0.67,0.114,19.275,1.028
2002,0.177,0.327,0.058,-1.648,0.986,-10.572,0.528,0.226,21.695,0.49
2002,0.699,0.302,0.399,0.986,0.607,7.278,-0.538,-0.024,21.519,0.917
2002,0.709,0.372,0.403,-0.955,0.609,0.394,-0.738,0.3,21.509,1.331
2002,0.413,0.949,0.151,-2.54,-1.599,-11.577,0.702,-0.021,20.853,1.01
2002,0.531,-0.258,0.287,-0.438,0.047,8.845,-0.261,0.076,21.037,0.386
2002,-0.048,0.434,0.207,2.34,2.715,6.539,-0.194,0.403,20.772,-0.038
2002,0.131,0.594,0.007,2.665,0.118,10.151,1.747,0.012,21.215,0.699
2002,0.066,1.679,-0.029,-0.747,1.926,-3.946,-1.011,0.215,21.923,0.019
2002,0.423,-0.214,0.131,3.855,0.614,13.114,1.459,0.047,20.93,0.724
2002,-0.418,0.264,0.131,-2.558,1.933,-4.407,1.629,0.132,21.124,0.121
2002,-1.39,0.167,0.322,1.869,1.452,10.511,-0.776,0.125,20.644,-0.903
2002,-0.689,0.789,0.388,3.18,0.95,6.432,-0.71,-0.009,21.153,0.778
2002,0.164,0.773,0.178,-2.201,-1.495,7.083,0.801,0.057,20.958,0.566
2002,-1.157,-0.3,0.31,1.506,1.766,3.744,0.512,0.008,19.526,-0.059
2002,0.246,0.717,0.37,0.459,-4.089,-1.661,0.455,0.028,21.976,0.675
2002,-0.022,1.091,-0.253,0.587,1.897,9.936,2.511,0.152,21.147,0.474
2002,0.43,0.426,0.423,-0.855,0.318,-2.178,-0.264,-0.019,21.87,0.712
2002,0.134,0.295,0.326,0.558,2.323,1.985,0.443,-0.061,21.369,0.202
2002,0.504,0.478,0.09,2.186,-0.772,-0.355,-0.139,0.006,22.158,0.918
2002,0.468,0.469,0.53,2.447,1.906,7.627,0.383,-0.004,21.185,0.667
2002,-0.242,1.341,-0.002,-1.297,2.692,5.939,0.53,-0.053,20.525,0.096
2002,0.372,0.899,0.362,-1.75,1.31,-15.88,-1.104,0.103,20.736,0.978
2002,-0.221,-0.215,0.1,6.281,-3.525,24.193,1.066,0.247,20.438,0.227
2002,0.993,0.381,0.095,5.375,2.181,15.662,1.582,0.133,21.679,0.148
2002,-0.737,-0.287,0.315,2.934,4.174,6.844,0.783,0.279,20.469,-0.496
2002,0.151,0.95,-0.099,-3.728,-3.056,-8.288,0.54,0.141,21.699,0.469
2002,-0.249,0.304,0.435,5.027,1.952,14.446,-0.67,0.261,22.062,-0.607
2002,-0.001,0.168,0.315,3.032,-1.085,5.605,-1.912,0.105,21.265,-0.267
2002,-0.268,0.4,0.091,-0.702,-2.924,-3.289,0.228,-0.084,21.881,0.016
2002,0.818,0.366,0.241,-0.489,4.22,-5.081,1.337,0.004,22.247,0.748
2002,0.567,0.604,0.146,-5.953,0.369,-14.546,-0.976,0.103,21.49,0.834
2002,-0.122,0.259,0.407,-2.449,0.037,-3.899,-0.246,0.046,20.684,0.198
2002,0.119,0.761,0.325,-0.686,0.305,2.577,1.593,-0.165,20.823,0.003
2002,0.441,0.658,0.183,2.604,3.369,-0.745,-0.46,0.005,22.896,1.244
2002,-0.054,0.145,0.183,2.275,2.759,15.879,1.476,0.032,20.484,0.24
2002,-0.087,0.563,-0.026,5.315,-4.021,16.371,0.847,-0.164,20.042,-0.057
2002,0.202,0.956,0.11,1.106,-1.817,-7.919,-0.453,0.04,20.529,0.44
2002,-0.417,-0.112,-0.092,9.362,-0.296,25.174,1.751,-0.074,20.275,-0.266
2002,0.163,1.582,0.013,1.275,0.246,5.86,0.568,0.19,21.291,0.606
2002,0.266,0.627,0.438,0.487,-1.274,-2.706,0.124,0.105,21.125,1.052
2002,0.055,0.979,0.116,0.847,1.071,-7.346,-0.371,0.185,22.215,1.04
2002,0.492,0.753,0.139,3.341,1.742,4.36,-0.064,-0.06,20.19,1.238
2002,-0.298,0.275,0.132,4.447,0.742,7.62,0.553,0.093,19.789,0.425
2002,0.742,0.438,0.113,-2.953,0.632,-12.337,0.07,0.18,21.051,1.295
2002,0.616,0.125,0.506,-3.083,-0.882,-5.219,-0.577,0.104,21.728,1.608
2002,0.125,0.228,0.377,5.888,6.092,15.436,-1.832,0.234,21.678,0.258
2002,-0.675,0.854,-0.038,2.53,0.451,7.419,0.569,0.178,19.947,-0.058
2002,-0.215,0.443,0.06,0.917,0.857,14.689,-1.151,0.083,20.742,0.276
2002,0.54,1.035,0.252,2.734,-0.53,7.108,1.548,-0.077,21.048,-0.031
2002,-0.203,0.516,0.069,2.037,2.176,9.902,-0.026,0.246,22.228,0.438
2002,0.128,0.546,0.331,-3.743,2.321,-13.929,0.446,-0.009,21.775,0.385
2002,0.508,1.114,-0.056,-0.534,3.109,-4.758,0.565,0.2,21.925,0.102
2002,-0.684,-0.101,0.266,2.669,1.102,12.171,-0.379,0.15,20.355,0.29
2002,0.295,-0.431,0.269,2.059,0.105,-1.743,1.329,-0.097,20.045,-0.446
2002,-0.533,0.879,0.493,0.664,4.411,2.529,-1.534,-0.069,20.666,0.835
2002,0.192,0.684,-0.064,-0.871,2.552,2.681,0.444,-0.098,20.608,0.697
2002,-0.371,-0.148,0.283,1.504,3.391,0.356,-0.779,-0.018,20.469,-0.151
2002,1.01,1.02,0.274,-0.255,2.383,-5.957,-1.211,0.213,20.485,0.942
2002,0.047,0.049,0.257,-0.091,1.073,2.223,0.758,0.164,22.026,0.413
2002,0.337,0.543,0.175,1.122,-1.446,4.372,0.665,0.144,21.007,-0.072
2002,-0.132,-0.211,0.543,2.093,0.735,-0.837,0.023,-0.037,22.409,0.296
2002,-0.755,0.954,0.041,5.8,1.654,11.842,-0.577,0.261,21.811,0.348
2002,0.32,0.243,0.278,7.84,-3.412,17.877,-0.189,0.105,22.096,0.462
2002,0.476,0.489,0.237,-4.075,1.03,-8.543,-2.212,-0.137,21.495,1.053
2002,0.39,0.672,0.294,0.617,-1.838,-4.137,0.647,0.23,19.729,1.038
2002,0.198,0.586,0.172,1.613,0.834,-1.564,0.762,0.162,21.473,1.076
2002,0.378,0.712,0.175,1.992,2.455,4.53,-0.021,0.095,20.964,0.097
2002,-0.139,0.478,0.368,-0.146,-1.047,-0.676,-1.078,0.176,21.65,-0.422
2002,-0.214,0.694,0.41,6.909,-0.522,27.022,-1.51,-0.165,21.733,0.291
2002,0.442,0.376,0.031,0.145,-0.308,7.775,0.551,-0.089,21.032,0.313
2002,0.05,0.464,0.481,2.107,0.928,7.755,-1.218,0.185,21.633,0.728
2002,0.105,1.044,0.069,-1.015,0.262,-6.119,0.301,0.19,20.815,0.504
2002,-0.946,0.548,-0.082,1.43,-1.048,0.565,1.432,0.388,21.044,-0.1
2002,-0.209,-0.312,0.424,0.64,-2.395,6.785,-0.868,0.145,20.518,0.328
2002,-0.121,0.346,-0.024,3.882,1.547,8.123,2.136,0.119,21.083,0.221
2002,0.251,-0.254,0.326,0.415,2.341,5.696,-0.962,0.325,21.135,0.378
2002,-0.261,0.24,0.357,3.531,-1.246,11.317,0.808,0.085,20.627,-0.067
2002,-0.062,-0.349,0.352,0.973,0.038,-0.911,1.256,-0.119,21.835,0.596
2002,0.097,1.398,0.156,1.698,1.903,3.885,-1.2,0.225,21.738,0.578
2002,-0.508,1.003,-0.009,2.075,4.715,12.69,0.602,0.281,20.881,-0.471
2002,0.778,0.169,0.27,-3.685,-1.389,-18.129,1.057,0.218,20.854,1.03
2002,-0.67,1.584,0.054,-0.503,2.419,-2.754,0.903,0.148,20.664,0.151
2002,-0.332,0.307,0.29,4.592,-0.173,7.843,2.091,0.262,21.867,0.168
2002,-0.365,0.183,0.065,-2.742,2.488,-6.998,0.068,0.189,22.459,0.282
2002,0.235,0.049,0.081,-2.608,0.771,-9.141,1.279,-0.082,22.744,-0.247
2002,0.595,0.2,0.339,-0.687,-2.508,3.13,-0.267,0.081,20.798,0.466
2002,0.528,0.446,0.173,0.145,-0.567,3.704,0.243,0.26,20.479,1.095
2002,-0.449,0.74,-0.014,6.982,0.043,32.591,0.992,-0.141,20.325,-0.478
2002,-1.185,1.046,0.085,7.065,-0.839,13.218,0.192,0.21,22.315,-0.486
2002,0.842,0.211,0.381,-6.148,1.031,-4.983,1.264,0.184,19.698,0.455
2002,-1.193,0.782,0.011,5.469,-0.684,16.689,2.092,0.196,20.041,-1.161
2002,0.16,0.612,0.194,2.968,-1.735,7.542,0.805,0.189,21.394,-0.367
2002,0.431,1.029,-0.009,0.269,-0.321,-2.013,0.395,0.174,22.9,0.811
2002,0.311,0.201,0.464,3.275,-0.135,5.625,0.635,0.026,20.902,0.375
2002,-0.671,0.187,0.135,0.714,-0.06,3.871,0.859,0.194,19.663,-0.255
2002,-0.377,0.187,0.295,-1.84,-2.926,-4.289,-0.08,0.098,20.765,0.125
2002,0.06,0.481,0.25,2.574,-0.454,1.883,-0.08,0.182,20.946,0.908
2002,0.793,0.442,0.385,-3.851,-1.423,-9.545,-2.601,0.071,21.23,0.969
2002,0.601,0.518,0.213,1.192,-0.651,0.161,-0.453,0.056,21.782,0.846
2002,0.096,1.027,0.082,-2.049,-3.375,-7.91,-0.233,0.249,21.713,0.878
2002,-0.762,1.041,0.045,-0.546,3.5,-2.824,0.647,0.259,18.629,-0.286
2002,0.066,0.714,-0.178,-3.98,2.383,4.216,-0.271,0.01,19.392,1.267
2002,-0.582,0.989,0.107,-6.843,1.65,-12.715,0.462,-0.005,21.159,0.301
2002,0.032,-0.028,0.365,1.225,2.102,1.109,0.914,0.12,22.958,-0.423
2002,-0.069,-0.43,0.306,3.291,0.825,10.76,1.12,0.34,20.494,-0.362
2002,-0.749,0.961,0.332,-2.016,4.505,-8.801,0.835,-0.01,21.612,0.445
2002,-0.231,0.616,0.473,-0.543,-1.214,7.128,-0.547,0.064,20.921,0.116
2002,-0.059,0.643,-0.052,1.449,3.012,3.939,0.471,0.159,20.227,0.896
2002,-0.805,0.393,0.2,-0.612,-0.651,5.991,0.178,0.296,20.561,-0.532
2002,0.141,-0.512,0.196,-3.1,-2.457,-6.792,1.616,-0.031,21.132,-0.007
2002,-0.09,0.123,0.107,6.329,1.557,18.109,0.995,0.113,21.124,-0.007
2002,-0.509,1.048,0.058,3.937,0.467,1.872,0.988,0.037,22.303,-0.168
2002,-0.047,0.205,0.224,2.762,1.739,8.945,-1.259,0.254,19.697,-0.135
2002,-0.049,0.112,0.118,0.32,-0.3,-8.251,-0.913,0.353,20.276,0.726
2002,0.792,-0.166,0.165,-0.29,0.617,-8.038,1.177,0.074,20.848,0.586
2002,0.024,1.166,-0.11,-5.832,-0.422,-10.874,0.921,0.097,20.669,0.691
2002,0.166,-0.561,0.227,-0.351,-2.337,1.496,-0.305,-0.042,21.7,0.708
2002,0.128,1.107,0.205,-0.247,-1.022,3.342,-0.93,0.018,20.596,0.448
2002,-0.114,0.939,0.108,2.943,1.551,-3.554,1.384,0.233,22.942,0.428
2002,0.056,-0.563,0.314,8.822,-2.248,21.715,0.732,0.095,20.813,-0.177
2002,-0.51,0.317,0.279,-1.301,-1.261,3.593,0.941,0.191,19.861,0.212
2002,-0.12,0.561,0.529,5.808,5.654,6.629,-1.628,0.194,20.263,0.637
2002,0.086,0.851,0.586,-3.371,0.85,-6.217,-0.67,0.226,21.178,0.011
2002,-0.693,0.742,0.428,3.949,-0.696,20.69,-2.407,0.19,20.181,-0.299
2002,0.612,0.606,0.22,2.315,-1.766,6.976,-0.224,0.079,20.068,0.412
2002,0.08,0.387,0.408,1.621,-2.548,2.297,0.975,-0.046,20.971,0.33
2002,0.402,1.531,0.073,2.541,0.063,12.46,-0.313,0.431,22.262,-0.374
2002,0.253,1.711,0.203,2.182,0.126,3.573,-0.946,0.146,21.796,1.049
2002,-0.839,0.108,0.41,2.347,0.339,3.464,0.665,-0.077,20.929,-0.114
2002,-0.248,-0.066,0.477,3.57,4.21,2.421,-0.368,0.129,22.797,0.633
2002,0.57,0.647,0.001,-1.31,-1.535,-9.271,0.99,0.059,21.169,0.841
2002,-0.04,1.418,-0.086,6.204,2.433,19.708,1.114,0.243,20.234,0.204
2002,1.004,0.561,0.024,-7.941,2.697,-15.014,-0.757,-0.038,22.281,0.409
2002,-0.057,0.13,0.143,1.636,-0.041,5.933,1.118,0.118,21.781,0.343
2002,1.39,0.538,0.204,-4.076,4.931,-9.184,2.354,0.075,19.7,1.438
2002,0.344,0.318,0.556,-4.776,0.75,-15.516,-0.473,0.053,21.05,0.515
2002,-0.444,-0.345,0.485,-3.866,-2.008,-5.276,-0.846,0.094,22.376,0.361
2002,-0.347,-0.373,0.326,2.689,1.548,1.27,2.092,0.073,19.966,-0.08
2002,0.653,0.128,0.265,-4.449,-0.019,-7.936,0.702,0.198,21.824,1.708
2002,0.728,0.625,0.404,-4.409,-1.175,-17.495,-0.482,0.097,21.56,0.695
2002,0.529,-0.51,0.421,1.869,-0.613,2.364,-0.406,-0.043,21.028,1.061
2002,0.569,0.291,0.152,-4.577,-0.152,-18.03,1.68,-0.005,21.707,0.386
2002,-0.43,0.464,0.567,-0.581,0.524,-3.602,0.32,-0.035,22.742,-0.131
2002,-0.243,-0.838,0.24,6.928,2.375,12.134,1.259,0.221,21.797,0.124
2002,0.196,-0.023,-0.258,-0.202,2.475,-0.415,1.897,0.093,20.23,0.658
2002,-0.77,0.605,0.26,3.28,-2.241,15.331,0.647,-0.102,20.728,0.254
2002,-0.018,-0.036,0.148,0.858,-0.811,-1.845,1.13,0.267,21.709,-0.116
2002,-0.037,0.641,0.238,4.841,0.411,17.955,-0.497,0.128,21.191,-0.166
2002,-0.812,0.405,0.131,1.188,-2.591,-3.054,0.356,0.028,20.116,0.534
2002,-0.34,0.63,0.263,1.314,-5.962,7.401,-0.743,-0.057,22.177,-0.554
2002,0.329,-0.612,0.508,-1.6,1.427,2.566,-0.584,0.01,20.003,0.711
2002,-0.202,0.921,0.088,1.697,0.756,-6.439,1.67,0.267,22.092,-0.324
2002,0.84,0.835,0.18,-0.273,3.293,-4.593,0.11,0.101,20.274,0.768
2002,-0.25,0.112,0.08,1.232,-3.562,3.928,1.018,0.046,20.726,-0.313
2002,-0.256,0.765,0.206,3.887,-0.804,15.356,1.294,0.185,21.225,0.764
2002,-0.232,0.146,0.382,1.194,1.429,2.245,0.42,-0.031,21.507,-0.27
2002,-0.285,0.493,0.171,-4.921,3.681,-13.858,0.283,0.231,20.799,1.066
2002,-0.45,0.866,0.282,-1.128,-1.517,-9.774,-0.146,0.133,21.973,0.378
2002,0.503,0.668,-0.058,4.818,-2.704,7.729,1.717,0.222,21.083,-0.355
2002,-0.09,0.475,0.212,1.073,-2.124,6.698,-0.994,0.323,21.518,0.547
2002,-0.076,0.571,0.167,-1.636,-3.087,2.552,1.228,0.183,21.578,0.794
2002,0.357,0.14,0.395,2.47,-0.332,12.368,-1.332,-0.084,20.648,1.172
2002,0.171,0.47,0.328,-0.411,0.527,2.416,0.725,0.046,19.631,0.663
2002,-0.215,0.464,0.125,-1.601,4.498,3.121,0.354,0.17,20.393,0.317
2002,-0.678,0.021,0.024,0.029,0.801,0.717,0.679,0.21,21.674,0.282
2002,-0.372,0.25,0.325,-2.094,-1.596,4.091,-0.366,0.115,20.619,0.958
2002,0.104,-0.243,0.113,2.036,0.825,-7.365,0.394,0.218,21.784,0.81
2002,-0.248,0.484,0.32,1.521,0.206,13.124,1.075,0.326,20.28,0.677
2002,0.219,0.483,-0.285,-2.695,-1.763,-8.887,0.386,0.208,21.425,0.659
2002,-0.01,0.544,0.282,-0.159,-1.883,5.328,0.675,0.319,20.603,1.265
2002,0.066,0.268,0.06,-2.875,2.802,-8.727,0.15,0.198,21.177,0.705
2002,-0.31,0.774,0.258,0.334,-1.008,4.51,-0.612,-0.235,20.189,0.028
2002,0.036,0.606,0.432,1.781,2.119,7.082,-1.237,0.365,20.981,0.489
2002,0.122,0.34,0.532,-3.363,3.912,-6.463,0.138,0.008,20.901,0.221
2002,0.031,0.415,0.316,0.956,-2.46,-0.132,-0.342,0.144,21.407,-0.009
2002,0.005,0.509,0.253,1.49,1.878,10.509,-0.9,0.205,21.069,0.321
2002,1.394,1.46,0.347,-4.937,0.928,-8.788,-1.982,0.267,20.518,1.672
2002,0.33,1,0.33,-1.465,-0.843,2.232,0.839,0.229,20.049,1.105
2002,0.299,1.222,0.1,-3.92,3.803,4.197,1.411,0.036,21.725,0.615
2002,-0.415,0.991,0.22,-0.269,0.652,-2.15,-0.076,-0.042,21.496,0.039
2002,-0.249,0.318,0.335,2.936,0.301,7.549,-1.179,0.031,21.412,0.071
2002,-0.252,0.561,0.196,-1.133,0.01,4.006,-0.043,-0.016,19.768,0.875
2002,-0.29,0.358,0.191,0.941,-0.998,-3.108,0.158,0.089,22.082,-0.189
2002,-0.682,0.774,0.203,8.196,1.878,6.436,-1.828,0.02,21.571,-0.207
2002,0.181,0.708,0.238,-1.488,-5.662,-5.37,0.077,0.284,20.505,0.464
2002,0.023,1,0.436,1.125,-4.145,-4.923,-1.157,0.217,21.121,-0.002
2002,0.246,1.146,0.103,-1.298,-2.931,-7.223,0.947,0.068,20.711,0.832
2002,0.097,1.008,0.512,-2.003,-2.494,-9.905,-1.163,0.209,22.814,0.181
2002,0.456,0.198,0.253,4.711,-1.825,9.935,0.381,0.12,23.031,0.406
2002,0.129,0.574,0.216,-3.901,-2.267,-10.984,-0.101,0.039,20.492,0.63
2002,0.339,0.343,0.217,-5.343,-2.804,-12.887,-0.661,-0.029,20.861,0.215
2002,0.844,-0.061,0.293,1.117,3.852,1.955,-0.181,0.133,20.032,0.517
2002,-0.287,0.391,0.135,6.114,3.68,15.665,0.691,0.125,19.401,0.492
2002,-0.263,-0.006,0.073,4.051,1.583,18.554,0.116,0.097,22.256,-0.207
2002,0.796,0.558,0.268,-0.468,0.623,-1.961,-0.094,0.158,19.18,0.708
2002,0.341,1.342,0.301,2.471,-0.965,0.007,-0.475,0.133,20.863,0.289
2002,0.265,1.293,-0.211,-1.55,-0.986,-15.833,1.17,0.191,20.225,0.205
2002,0.851,0.638,0.082,1.214,1.399,5.636,-1.195,-0.024,21.893,0.324
2002,-0.026,0.608,-0.083,0.725,4.857,-4.337,1.371,0.131,22.068,0.318
2002,-0.23,0.691,0.248,0.455,-0.697,6.745,0.418,0.091,20.113,0.438
2002,0.669,1,0.173,0.656,-0.171,1.141,-0.132,-0.064,21.225,0.537
2002,-0.495,0.407,0.024,5.229,-2.432,5.666,1.271,0.202,20.718,-0.353
2002,0.558,0.72,0.21,-6.615,3.65,-13.313,-1.633,-0.02,21.956,0.776
2002,0.225,0.467,-0.026,-1.805,1.092,7.842,-0.518,0.21,20.618,0.625
2002,0.216,0.449,0.007,-1.66,4.886,-1.651,-0.65,0.185,20.688,1.081
2002,0.788,-0.354,0.163,-6.148,0.101,-10.01,0.131,0.313,21.957,1.121
2002,-0.203,0.756,-0.042,-0.359,2.217,-5.897,1.308,-0.039,21.209,0.259
2002,0.695,0.119,0.357,-1.885,1.292,4.288,0.167,0.092,20.89,1.149
2002,-0.747,1.927,-0.424,0.059,0.202,2.165,2.441,0.233,19.119,0.119
2002,0.696,0.831,0.027,6.5,1.8,15.87,0.476,0.203,22.294,0.623
2002,-0.44,0.371,0.215,-3.835,-1.484,-8.354,-0.389,0.131,22.628,-0.068
2002,-0.573,0.376,0.099,1.673,-1.441,2.736,0.97,0.211,21.109,0.013
2002,0.411,0.104,0.217,9.338,0.973,14.442,1.117,0.292,22.044,0.389
2002,-0.28,0.096,-0.027,0.561,0.64,-5.064,0.103,0.167,20.802,-0.133
2002,0.575,0.142,0.698,-1.841,1.232,-6.692,-0.223,0.303,21.965,0.908
2002,-0.144,0.832,0.437,4.942,-2.459,15.251,0.117,-0.199,20.772,0.409
2002,0.205,0.13,0.381,-0.59,0.859,9.385,-0.225,0.031,20.967,0.399
2002,-0.223,0.777,-0.02,1.877,3.381,8.775,0.308,-0.042,19.915,-0.028
2002,1.033,0.583,0.61,-4.239,1.04,-10.58,-0.394,0.241,20.895,0.989
2002,0.014,0.985,-0.166,-0.613,0.637,4.387,1.329,0.267,21.324,0.014
2002,-0.437,0.578,0.299,-3.424,-2.199,-12.047,-0.344,0.124,21.112,0.069
2002,-0.52,1.269,0.34,2.404,2.881,5.951,-0.197,0.036,22.017,-1.044
2002,-0.207,0.169,0.325,5.275,-0.583,18.639,0.138,0.265,21.635,0.528
2002,0.346,0.769,0.321,-1.891,1.819,-3.885,0.239,-0.093,21.54,0.48
2002,-0.752,-0.426,0.193,-0.717,-0.194,2.448,1.411,0.261,21.743,0.03
2002,-0.455,-0.163,0.372,6.054,-0.902,21.986,0.038,0.116,22.229,0.403
2002,0.372,0.684,0.288,5.067,-3.516,14.356,0.218,0.025,19.857,0.321
2002,-0.043,-0.2,0.257,5.765,1.579,17.687,0.089,0.295,20.395,0.432
2002,0.757,0.635,0.061,-1.624,0.778,-7.964,-0.701,-0.011,23.225,0.38
2002,0.406,0.888,0.091,1.191,-1.205,-0.066,3.187,0.094,20.575,0.428
2002,-0.59,0.9,0.098,0.299,1.79,-1.827,-0.034,-0.05,22.152,-0.337
2002,0.878,1.182,-0.249,0.489,2.425,-3.305,-0.602,-0.018,20.506,0.862
2002,-0.139,0.952,0.265,-2.193,-0.134,-16.495,0.363,0.065,19.84,0.594
2002,-0.648,0.791,-0.007,-3.571,-1.198,-14.79,-0.092,0.138,19.915,0.47
2002,0.437,0.707,0.285,3.276,3.124,11.854,0.648,0.069,21.719,-0.13
2002,-0.18,-0.021,0.244,1.251,-1.626,11.518,0.503,0.127,20.513,-0.201
2002,-0.475,0.332,0.545,-2.208,3.725,6.092,-0.798,0.025,21.112,0.841
2002,0.36,0.6,0.421,-4.25,1.346,-13.762,0.154,-0.056,20.75,0.79
2002,0.09,0.426,0.262,0.396,-0.131,1.32,-0.252,0.274,21.574,0.594
2002,0.294,1.412,0.173,2.026,2.333,6.339,0.085,-0.057,22.928,1.116
2002,0.564,1.197,0.197,1.799,5.478,13.176,0.749,0.058,21.301,0.123
2002,-0.418,1.039,-0.083,4.417,1.806,12.907,0.29,0.163,20.181,-0.445
2002,-0.669,0.495,-0.097,-0.489,0.865,-5.86,0.909,0.182,22.346,-0.445
2002,0.314,0.681,-0.059,-1.898,0.883,7.199,0.268,-0.07,20.578,0.749
2002,-0.07,0.921,0.286,1.45,-2.753,1.595,-0.647,-0.068,21.432,0.568
2002,-0.886,1.198,-0.007,2.481,-3.114,6.919,0.353,0.222,21.082,-0.334
2002,-0.333,1.42,-0.216,2.833,-0.86,1.59,1.486,0.186,21.499,0.618
2002,0.372,0.647,0.165,-4.214,1.546,-10.536,-0.229,0.028,21.138,1.239
2002,1.331,0.795,0.163,0.383,2.907,-8.048,-0.105,0.195,21.259,1.368
2002,-0.605,0.183,0.243,1.4,1.032,2.852,-1.173,0.127,21.29,0.124
2002,0.058,-0.149,-0.218,3.395,0.965,10.678,0.971,-0.01,19.215,-0.022
2002,-0.336,0.041,0.073,5.471,0.914,-2.413,-0.652,0.192,22.589,-0.449
2002,1.242,0.048,0.122,-0.486,-4.127,-5.197,2.646,-0.051,21.484,0.799
2002,0.262,0.143,0.121,0.066,-2.612,-1.457,0.738,0.082,21.535,0.163
2002,-0.251,-0.295,0.304,-2.13,-0.901,-9.368,0.818,0.057,21.977,0.337
2002,0.094,-0.039,0.266,-3.4,-2.017,-8.225,-0.017,0.332,20.075,0.547
2002,0.148,0.372,-0.073,-0.014,-3.9,4.173,0.75,0.08,22.707,0.179
2002,-0.245,0.688,-0.088,-0.449,-1.239,0.235,0.022,0.047,21.478,0.402
2002,0.403,1.092,0.254,-1.905,3.273,-0.001,0.525,0.077,19.582,1.132
2002,0.341,0.365,0.176,-4.756,-0.278,-0.519,-0.257,0.225,20.904,0.862
2002,0.847,0.415,0.343,-0.503,3.488,4.119,-0.687,0.223,21.479,0.79
2002,0.204,0.454,0.317,2.207,2.534,22.438,-0.529,0.164,20.856,0.865
2002,0.698,0.573,0.019,1.347,1.96,4.279,1.459,0.265,20.041,1.357
2002,0.562,0.684,0.259,2.524,-0.118,-5.95,0.163,0.362,21.364,0.062
2002,-0.082,0.33,0.35,-0.127,-0.578,-0.315,-0.233,-0.145,20.616,-0.269
2002,0.134,0.19,0.277,3.789,-1.187,8.718,-1.05,0.043,21.195,0.274
2002,-0.177,0.315,0.322,2.475,-0.068,-4.461,1.48,-0.091,20.29,0.148
2002,0.533,-0.023,0.372,0.137,-1.566,-2.229,0.59,0.287,22.068,0.357
2002,-0.52,0.303,0.03,0.048,1.327,-5.157,1.912,0.277,20.873,-0.082
2002,1.247,0.782,0.567,1.493,3.199,7.942,-0.913,0.017,21.3,0.896
2002,0.109,1.27,0.067,-0.319,-0.145,-5.903,-0.452,0.176,22.718,1.08
2002,-0.594,0.463,0.288,4.589,-2.062,11.701,-0.392,0.099,20.781,-0.405
2002,0.471,0.159,0.202,-0.675,-1.15,-7.523,0.375,-0.264,20.682,0.992
2002,-0.029,0.582,0.114,-0.949,-0.426,2.361,-0.044,0.2,21.084,0.362
2002,-0.657,0.108,0.38,8.214,0.752,13.527,-1.837,0.091,21.021,-0.55
2002,1.042,0.477,-0.261,-0.461,0.259,-0.096,0.231,0.014,21.555,1.544
2002,0.12,0.455,0.446,-2.02,-2.207,-1.756,-1.612,-0.079,20.128,0.711
2002,0.933,-0.569,0.533,-1.204,2.593,0.355,0.94,0.057,20.569,1.042
2002,0.071,0.77,0.247,-5.922,0.472,-12.438,0.657,-0.007,21.478,0.355
2002,-0.023,0.536,-0.178,-1.887,-0.445,-3.626,0.334,0.095,21.377,0.434
2002,-0.677,0.655,0.368,5.506,0.809,8.642,0.345,0.257,22.912,0.517
2002,-0.137,0.114,0.231,1.762,0.618,3.529,-1.527,0.181,21.162,0.693
2002,0.703,0.117,0.233,-2.845,2.718,-6.535,0.127,0.228,20.29,-0.119
2002,-1.128,-0.376,0.064,4.289,-4.019,6.729,-0.426,-0.025,20.447,-0.023
2002,0.219,0.07,0.321,1.122,2.023,1.586,-0.09,0.151,22.256,0.134
2002,0.919,0.918,0.294,-0.514,-2.806,4.037,-0.087,0.16,21.372,1.589
2002,-1.189,-0.035,0.458,1.156,1.283,-6.965,-0.908,-0.049,21.046,-0.518
2002,-0.983,-0.017,0.178,-0.816,-1.456,-0.943,2.196,0.214,22.374,-0.308
2002,-0.03,0.631,0.436,4.481,2.53,17.974,-0.363,0.193,20.213,0.502
2002,-1.103,0.395,0.266,-3.556,0.195,-8.673,-1.621,0.191,21.481,-0.216
2002,0.334,1.006,0.132,-0.834,-1.053,6.337,-0.423,0.114,20.963,0.899
2002,-0.313,0.077,0.223,0.063,1.091,-6.235,1.97,-0.01,20.996,-0.171
2002,0.244,0.273,0.15,2.909,-0.003,-8.751,0.886,0.24,21.174,0.474
2002,0.096,0.149,-0.111,-0.007,-1.824,8.912,1.504,0.079,20.808,0.121
2002,0.203,0.787,0.274,1.208,2.136,10.886,-0.165,0.078,19.8,0.64
2002,-0.015,0.504,0.111,0.223,2.061,0.891,0.354,0.246,21.148,0.54
2002,0.516,0.257,0.002,2.052,0.366,6.561,0.963,0.137,21.133,0.07
2002,-0.014,0.954,-0.075,1.815,1.072,11.47,-0.08,-0.109,21.181,-0.257
2002,0.424,0.86,0.139,2.712,-1.716,5.502,0.262,0.197,20.586,0.704
2002,0.913,0.672,0.326,4.612,2.811,14.425,0.088,0.032,21.489,0.894
2002,0.891,-0.073,0.313,-2.462,4.947,-8.806,-0.081,-0.001,19.71,0.616
2002,-0.376,-0.012,0.262,4.091,2.172,20.905,-0.239,0.125,20.998,0.127
2002,-0.211,0.287,0.397,-2.652,0.915,-2.637,0.162,0.096,20.948,0.62
2002,-0.471,1.217,0.294,-1.593,3.91,-1.247,-1.597,0.162,20.642,0.266
2002,0.147,-0.507,0.639,-1.051,3.058,2.687,-0.477,0.401,19.806,0.581
2002,-0.283,0.153,0.382,3.553,0.179,19.307,-0.124,0.084,19.343,0.141
2002,0.4,-0.021,0.202,0.357,2.937,0.175,1.528,0.096,21.07,0.315
2002,0.277,0.587,0.431,-5.451,4.215,-11.471,-0.598,0.166,21.643,0.978
2002,-0.227,0.713,0.429,-0.652,0.957,-1.317,-1.763,-0.066,21.446,-0.53
2002,-0.518,0.625,0.086,4.317,-0.24,5.572,-0.516,0.332,20.755,-0.307
2002,-0.042,-0.166,-0.158,3.715,1.316,9.594,0.935,-0.038,20.364,0.678
2002,-0.212,0.109,0.32,-1.033,0.669,5.118,1.58,0.021,20.2,0.319
2002,-0.373,-0.604,0.441,-3.499,-0.23,-6.823,0.728,0.123,21.393,0.391
2002,-0.197,0.051,0.355,-2.589,-0.504,-9.085,-0.526,0.122,19.862,0.588
2002,-0.796,-0.206,0.187,7.982,1.6,28.726,0.871,0.171,21.361,0.019
2002,0.143,0.822,0.241,6.192,0.302,22.494,-0.289,0.121,20.694,0.497
2002,-0.743,0.272,0.362,3.611,2.295,13.557,0,0.18,20.662,-0.596
2002,-0.319,0.888,0.226,1.654,0.999,5.578,-0.339,0.156,20.011,0.043
2002,0.08,0.277,0.228,-3.686,1.673,-0.704,1.008,0.079,20.92,0.087
2002,-0.491,0.157,0.338,3.675,1.157,8.506,0.687,0.26,21.182,-0.057
2002,0.278,-0.177,0.273,5.488,1.258,10.396,0.567,-0.036,20.367,0.549
2002,-0.115,0.874,0.036,-3.107,-2.769,-14.05,0.016,0.096,20.599,0.551
2002,0.401,0.311,0.358,-2.365,2.638,8.417,-0.922,-0.12,20.712,0.666
2002,-0.048,0.071,0.178,2.768,-3.04,9.665,0.596,0.051,19.672,0.112
2002,0.3,0.5,0.255,3.167,2.5,16.795,-1.419,-0.071,19.701,-0.25
2002,0.484,0.127,0.287,-2.593,2.473,-4.511,0.4,0.184,20.199,0.884
2002,0.063,-0.416,0,-1.739,2.482,-4.809,1.793,-0.009,19.747,1.017
2003,-1.151,-0.331,0.299,4.085,0.188,11.919,0.004,0.078,21.492,-0.403
2003,0.338,-0.611,0.3,1.402,5.369,18.418,-0.669,0.167,20.456,0.211
2003,0.722,0.794,0.016,-2.929,0.749,-20.886,-0.733,0.327,21.532,1.085
2003,0.633,0.98,0.345,-2.832,1.107,-6.29,-0.985,0.346,22.069,0.814
2003,-0.039,-0.236,0.366,-0.961,3.34,-11.308,-0.171,-0.174,20.86,-0.011
2003,-0.271,1.161,-0.035,3.078,-2.412,11.78,0.475,-0.081,21.487,0.307
2003,0.422,-0.048,0.315,-0.824,-0.17,-8.306,1.871,-0.079,21.3,0.315
2003,0.163,-0.283,0.299,-1.873,-4.685,2.714,-0.245,-0.063,20.341,0.101
2003,0.591,-0.453,0.522,-2.629,5.356,-11.049,-1.219,0.141,20.588,0.978
2003,-0.083,0.088,0.054,-5.01,-0.531,-2.754,0.734,0.223,22.587,0.633
2003,-0.078,0.327,0.324,-0.023,0.648,11.007,0.554,-0.099,21.515,-0.142
2003,0.24,0.518,0.363,0.508,-0.008,6.683,0.565,-0.034,20.305,0.751
2003,0.837,0.574,0.192,5.634,-3.535,1.157,0.4,0,20.392,-0.043
2003,0.257,0.39,0.321,2.833,-1.833,12.13,-0.484,-0.085,21.509,0.616
2003,0.297,-0.192,0.297,-1.385,2.261,0.141,0.261,-0.072,20.659,0.653
2003,0.218,0.65,0.484,-1.698,-0.219,-12.644,-1.304,0.15,21.579,0.956
2003,0.394,0.989,0.238,1.563,-0.565,-4.592,0.056,0.152,20.877,0.458
2003,-0.19,0.659,0.057,-0.38,0.248,3.552,0.381,0.03,22.552,-0.109
2003,0.298,0.69,0.306,-6.335,1.957,-14.651,-0.09,0.202,21.718,0.745
2003,0.164,0.307,0.017,2.715,-0.135,18.062,-0.196,0.186,20.652,0.428
2003,-0.429,1.208,0.408,0.461,-1.822,8.97,-1.703,0.366,20.216,0.016
2003,0.649,0.87,0.459,-2.08,4.316,5.125,-0.871,0.115,20.252,1.196
2003,-0.146,0.514,0.388,-5.369,-4.78,-7.266,-1.823,-0.135,22.059,-0.022
2003,-0.257,0.722,0.218,2.272,1.569,11.447,0.641,0.213,20.518,-0.426
2003,0.462,0.388,0.099,3.02,3.04,-9.093,-0.91,0.182,22.384,0.326
2003,0.288,0.966,0.066,3.742,1.217,3.685,0.009,0.247,21.738,0.292
2003,-0.122,1.04,-0.028,1.896,-3.559,3.115,0.659,0.189,22.103,0.465
2003,0.851,-0.295,0.222,-0.345,-2.416,4.453,1.673,0.061,19.48,0.835
2003,0.751,-0.033,0.259,-3.352,0.31,8.106,0.629,0.082,18.968,0.511
2003,-0.355,0.768,0.191,1.184,2.734,-4.23,1.288,0.205,20.691,0.009
2003,0.585,0.585,0.513,-3.304,-2.724,-4.031,-0.214,0.131,21.231,1.047
2003,-0.54,0.227,0.207,1.46,0.495,5.274,-0.584,0.106,21.289,-0.12
2003,-0.718,0.21,-0.294,4.301,-0.473,0.552,1.523,-0.129,21.399,-0.664
2003,0.231,0.466,0.306,-3.93,3.039,-6.641,-0.792,0.289,21.418,0.966
2003,0.081,0.642,0.367,0.012,-2.327,-0.846,-0.754,0.016,21.274,0.214
2003,0.45,0.689,-0.008,-1.058,-3.214,-2.325,0.964,-0.1,20.685,0.207
2003,-0.249,0.698,0.32,3.772,0.269,7.623,-0.399,0.177,20.861,0.091
2003,-0.209,0.327,0.179,2.322,-2.668,-0.657,0.423,-0.074,22.2,0.012
2003,-0.047,0.797,0.301,-3.613,3.284,-10.683,-0.444,0.243,22.391,-0.176
2003,-0.633,0.257,0.479,-6.648,-1.121,-11.887,-0.581,-0.137,20.941,0.272
2003,-0.658,0.767,0.101,3.983,1.771,4.848,0.688,-0.2,21.61,0.486
2003,-0.088,0.17,0.522,2.987,3.902,19.325,-1.756,0.168,19.381,0.702
2003,-0.529,-0.158,0.113,6.249,-0.77,10.295,0.763,0.04,20.067,0.354
2003,-0.433,-0.394,0.202,2.823,1.503,7.932,0.409,-0.099,20.961,0.165
2003,-0.425,1.646,-0.306,3.236,-0.852,11.889,-0.433,0.209,21.423,0.475
2003,-0.187,0.554,0.155,3.46,-1.224,12.302,0.507,0.022,21.59,-0.049
2003,-0.539,0.172,0.092,2.624,1.287,15.01,0.709,0.033,21.098,0.407
2003,0.676,-0.269,0.441,0.044,0.295,-9.958,-0.044,0.029,20.195,1.087
2003,-0.266,-0.205,0.056,3.866,1.007,13.313,-0.017,-0.076,19.476,0.401
2003,0.728,0.445,0.441,-0.878,-1.165,-4.378,0.503,-0.105,21.353,0.241
2003,0.107,-0.571,0.195,-5.956,-0.453,-17.321,0.894,0.182,20.881,0.484
2003,-0.004,0.621,0.078,-2.112,1.485,-19.625,-0.657,0.165,22.755,0.602
2003,0.279,-0.089,0.319,-3.025,0.771,-2.736,0.964,0.072,20.109,0.878
2003,0.384,0.543,-0.042,-2.954,-2.156,-3.565,1.157,-0.006,22.242,0.531
2003,-0.207,0.771,0.402,4.061,4.183,13.64,-0.856,-0.015,21.773,0.412
2003,0.022,-0.04,0.181,-0.397,-0.793,4.312,-0.007,0.174,21.525,-0.573
2003,-0.637,1.32,0.124,4.868,-3.453,-8.461,-0.354,0.283,22.007,0.517
2003,-0.312,1.289,0.143,7.283,1.224,10.284,-0.661,0.071,20.758,0.124
2003,0.075,0.348,0.238,1.215,-0.378,1.111,-0.153,0.123,21.121,0.157
2003,-0.255,0.015,0.427,-4.904,1.646,-9.839,-1.019,0.142,21.208,0.538
2003,-0.913,0.572,0.229,10.239,-1.387,20.143,0.286,0.138,22.473,-0.936
2003,0.544,0.235,0.138,-0.788,0.04,-9.893,0.275,0.124,21.127,0.554
2003,0.505,0.598,0.194,1.073,2.692,0.687,-1.027,0.302,22.165,0.18
2003,-0.423,1.097,0.158,2.289,-0.109,1.761,-0.304,0.236,21.211,0.747
2003,0.077,0.603,-0.043,4.497,-3.33,14.593,-0.213,0.18,21.574,0.544
2003,0.361,0.523,-0.077,1.583,-2.407,7.088,0.815,0.197,22.13,0.676
2003,0.035,0.624,-0.239,-0.107,0.387,-0.178,0.941,0.253,21.438,0.634
2003,0.69,0.407,0.294,4.945,-0.689,15.579,-2.628,0.058,21.649,0.265
2003,-0.228,-0.029,0.421,-1.327,4.77,-1.23,-0.833,0.048,20.528,0.561
2003,-0.092,0.776,-0.064,3.884,0.38,16.941,1.026,0.159,20.019,-0.148
2003,-0.256,0.829,0.125,6.062,0.017,19.526,0.403,0.144,21.318,-0.129
2003,-0.138,0.954,0.128,1.711,-1.164,2.974,0.942,0.071,19.894,0.79
2003,0.218,0.175,0.226,-0.924,0.993,-2.637,-0.095,0.067,21.611,0.524
2003,-0.167,-0.212,0.332,-0.833,-2.552,10.917,0.556,0.041,21.882,0.062
2003,-0.36,0.36,0.057,3.706,-0.422,10.653,1.225,0.009,22.032,0.396
2003,-0.034,0.081,0.131,0.671,-1.07,2.876,0.597,-0.016,20.83,0.112
2003,-0.066,0.127,0.552,-3.945,-2.713,-8.688,0.124,-0.115,21.723,0.694
2003,0.042,0.091,0.536,1.296,1.682,4.784,-1.165,0.156,20.789,0.549
2003,-0.181,0.509,0.074,-4.433,1.944,-19.681,0.899,0.047,20.698,0.495
2003,-0.098,-0.027,0.25,-3.032,3.797,-1.088,0.338,0.209,21.63,0.784
2003,-0.229,0.869,0.408,0.742,-0.856,-2.657,-1.311,0.364,23.468,0.419
2003,0.148,-0.376,0.175,4.007,-2.872,12.946,0.431,-0.12,21.119,0.334
2003,0.782,0.937,0.101,4.834,0.598,10.681,0.476,-0.006,22.224,0.405
2003,-0.419,0.408,0.106,-7.502,-3.056,-8.291,-0.018,0.163,20.326,-0.232
2003,-0.045,0.568,0.084,1.696,-4.134,3.895,1.313,0.14,20.548,0.236
2003,0.775,-0.614,0.184,1.829,0.969,10.299,0.059,-0.068,21.361,1.171
2003,0.447,0.6,0.425,-0.493,-0.581,-0.959,-1.054,0.243,21.254,1.003
2003,0.119,0.872,0.076,2.264,0.811,11.191,-0.085,-0.074,20.032,0.602
2003,-0.195,0.552,0.333,-2.949,-0.854,-12.778,0.448,0.338,21.751,-0.021
2003,-0.217,0.046,0.407,1.574,-0.838,7.438,-0.72,-0.052,20.837,1.073
2003,0.641,1.4,-0.248,10.074,1.154,9.187,1.31,0.103,21.525,0.675
2003,0.122,-0.1,0.254,3.313,0.512,12.811,0.232,0.03,21.261,1.07
2003,0.179,0.529,0.38,2.753,1.654,4.489,0.293,-0.049,20.282,0.409
2003,0.464,0.392,0.246,-3.559,-3.17,5.312,0.004,0.25,20.592,1.418
2003,-0.184,0.173,0.088,5.128,-1.393,13.833,0.483,0.166,21.875,-0.31
2003,-0.675,0.444,0.546,0.055,2.337,10.569,-0.954,0.056,20.836,-0.154
2003,0.519,-0.379,0.252,-0.474,-3.945,2.297,0.249,0.196,20.327,1.081
2003,0.988,1.273,0.163,0.867,2.146,9.385,1.089,0.19,19.567,0.199
2003,1.102,0.464,0.088,-3.309,-1.366,-4.388,1.699,-0.022,20.884,1.878
2003,-0.768,0.03,0.017,0.487,-1.808,11.443,1.233,0.047,19.826,-0.454
2003,0.338,1.056,-0.033,0.878,-0.8,1.745,-0.222,0.058,20.665,0.738
2003,0.119,-0.504,0.743,-5.448,0.461,-6.63,0.39,0.135,21.472,0.344
2003,0.045,0.762,0.342,1.025,-1.209,10.712,-0.292,-0.092,20.903,0.024
2003,0.688,0.823,0.595,-1.798,-3.441,-6.025,0.668,-0.072,20.831,0.245
2003,-0.452,0.492,0.414,8.345,1.542,24.916,-0.281,0.343,20.566,-0.153
2003,-0.184,0.538,0.055,1.782,3.424,5.96,1.505,0.22,19.846,-0.267
2003,-0.171,1.066,0.225,3.338,-2.677,19.687,-1.057,0.033,21.768,0.201
2003,0.479,0.752,0.487,3.151,-0.299,6.448,-0.131,-0.024,21.677,0.409
2003,-0.002,0.612,0.147,-0.193,2.248,-2.575,0.667,0.097,22.575,0.358
2003,0.13,-0.129,0.305,5.215,-1.012,6.553,-0.746,0.303,20.201,1.023
2003,0.266,-0.448,0.417,3.252,-0.808,5.583,-1.439,0.221,21.192,0.426
2003,-0.713,0.682,0.04,1.592,3.33,9.18,0.689,0.11,18.529,-0.083
2003,-0.452,-0.151,0.227,-1.901,3.164,2.765,-1.014,0.051,21.067,0.379
2003,0.101,-0.086,0.304,-0.184,1.825,6.275,0.778,0.216,20.262,0.643
2003,0.731,0.823,0.086,3.889,1.605,5.184,-0.062,0.124,21.191,0.481
2003,0.099,0.525,0.157,-0.323,-2.296,11.535,1.826,0.158,21.232,0.442
2003,0.021,0.796,0.202,3.511,-0.592,12.649,-0.132,0.149,22.171,-0.043
2003,-0.725,0.343,0.065,-0.225,3.36,4.786,0,0.141,19.705,-0.024
2003,0.159,-0.156,0.386,3.293,-4.723,17.712,1.525,-0.004,21.403,0.39
2003,0.098,0.519,0.276,-0.715,-1.336,-6.724,0.33,0.241,21.184,0.115
2003,0.749,-0.043,0.558,0.69,-3.033,-3.303,-0.294,-0.017,21.31,0.488
2003,0.299,0.565,0.093,2.295,-0.591,2.297,0.149,0.096,20.942,0.699
2003,-0.19,-0.031,0.079,-3.474,5.087,-13.124,1.882,0.037,20.436,0.244
2003,-0.275,0.503,0.344,-2.361,3.03,-2.208,-0.415,0.079,21.317,0.31
2003,-0.603,-1.191,0.469,3.498,0.126,10.867,0.694,0.02,20.819,-0.167
2003,-0.638,-0.56,0.427,-0.583,-1.594,-1.813,1.02,0.053,20.714,0.726
2003,0.128,0.854,-0.041,0.181,0.302,3.286,3.194,-0.024,20.026,0.422
2003,0.185,-0.233,0.61,5.134,-0.378,8.348,0.664,0.027,20.403,0.246
2003,-0.186,0.022,0.017,1.722,1.254,9.185,0.919,-0.031,20.983,0.193
2003,0.238,1.789,0.191,1.215,3.186,14.599,-1.839,0.111,22.894,1.443
2003,-0.893,1.175,0.055,3.853,-3.521,7.878,-1.461,0.328,20.162,-0.008
2003,0.309,0.415,0.21,0.256,-1.103,7.716,-0.147,0.055,21.099,0.373
2003,-0.629,0.322,0.005,-1.144,0.91,-4.818,-0.323,0.271,20.594,0.079
2003,0.508,0.105,0.551,0.349,0.364,15.049,0.555,0.087,20.462,0.019
2003,0.493,0.354,-0.1,1.743,-5.213,13.167,-0.33,-0.042,20.821,0.35
2003,0.148,0.197,0.056,2.575,0.836,12.283,0.462,0.057,21.256,0.205
2003,0.424,1.883,0.336,5.736,-2.057,5.27,0.117,-0.091,22.846,0.531
2003,0.283,0.664,0.275,3.332,-0.337,5.613,-1.784,0.309,19.57,0.034
2003,0.83,1.494,0.207,1.394,4.376,-3.682,-0.227,0.301,21.759,0.948
2003,0.134,-0.717,0.268,-1.209,-1.443,1.993,2.183,0.183,21.406,0.48
2003,-0.449,-0.143,0.473,1.191,1.958,9.7,-0.572,0.135,21.181,1.438
2003,0.179,0.647,0.091,2.166,1.2,13.783,1.462,0.07,20.069,1.752
2003,-0.344,0.016,0.104,6.482,0.679,7.475,0.644,0.189,21,-0.117
2003,0.054,0.699,0.116,2.31,1.11,-1.53,-1.165,0.072,20.561,0.61
2003,-0.191,0.331,0.088,1.902,-1.422,3.78,1.141,0.341,22.274,0.182
2003,-0.47,0.257,0.17,-0.541,1.321,-5.103,0.416,0.182,21.871,0.856
2003,0.045,0.899,0.099,1.863,2.938,-0.034,0.526,0.041,20.27,0.516
2003,-0.234,1.055,0.175,9.122,-4.196,22.276,-1.231,0.022,20.618,-0.208
2003,0.776,0.368,0.452,-1.245,2.911,0.957,0.076,0.165,21.702,0.461
2003,0.126,-0.182,0.189,2.397,1.196,-2.898,-0.216,0.137,21.325,0.595
2003,0.727,0.657,0.299,-1.388,-2.623,3.832,-0.934,0.269,20.882,0.922
2003,-0.382,0.646,-0.023,3.863,-2.663,12.885,0.447,0.163,21.026,-0.491
2003,0.117,0.384,0.095,0.045,-1.455,-8.511,0.368,0.11,22.741,0.26
2003,-0.128,0.029,0.102,-0.68,-2.08,-1.034,0.377,0.092,21.977,0.404
2003,0.174,0.468,0.013,2.173,-0.168,12.286,-0.944,0.216,20.051,1.089
2003,0.872,0.816,0.194,0.577,0.208,6.13,0.601,0.212,20.56,1.357
2003,0.469,0.342,0.116,-0.159,2.435,4.652,0.883,-0.056,19.737,0.32
2003,0.398,0.418,0.198,2.097,1.735,7.126,-0.136,-0.007,21.338,0.306
2003,-0.606,0.232,0.208,7.184,-0.112,23.511,-0.218,0.037,19.421,-0.278
2003,0.174,-0.068,0.524,5.641,0.214,6.573,-2.226,-0.114,22.412,0.439
2003,-0.341,-0.03,0.392,-1.538,-0.438,-6.118,0.548,0.308,20.299,-0.19
2003,0.049,0.167,0.381,1.93,0.128,4.523,0.98,0.209,22.717,0.274
2003,0.244,0.881,0.185,-0.521,-0.472,1.724,0.766,0.116,20.795,0.55
2003,0.641,0.482,-0.091,-1.535,0.34,2.456,1.225,0.045,20.97,0.886
2003,-0.039,0.809,0.084,3.401,0.468,15.337,-0.085,0.089,19.822,-0.186
2003,-0.015,0.867,0.341,-7.044,-2.571,-12.897,0.061,0.165,21.949,0.191
2003,0.026,1.098,0.309,-4.318,3.611,-6.84,-0.161,0.128,20.744,-0.117
2003,-0.852,0.785,-0.017,4.305,-2.412,19.864,0.699,0.41,21.686,-0.295
2003,0.452,1.068,0.143,-1.094,-0.895,-3.115,-0.12,0.145,22.069,0.792
2003,0.317,0.101,0.693,0.096,1.192,6.683,0.992,-0.217,20.648,0.045
2003,-0.254,1.007,0.019,2.682,0.415,5.853,0.763,0.23,19.682,0.003
2003,0.149,-0.267,0.122,-3.307,0.926,-13.896,1.409,0.148,20.104,0.449
2003,-0.217,0.82,-0.208,5.213,-3.319,9.612,0.278,-0.023,21.335,0.225
2003,-0.006,-0.162,0.477,5.213,-3.348,11.189,-1.432,0.155,19.867,0.122
2003,0.716,1.019,-0.037,-3.437,-0.317,-8.153,0.782,0.154,20.082,1.247
2003,-0.198,0.671,0.064,5.364,1.824,15.187,1.141,0.115,19.802,0.295
2003,0.374,0.971,0.092,4.29,-1.983,14.089,-0.345,0.09,20.383,0.456
2003,-0.727,1.361,-0.159,3.41,-0.949,4.03,0.867,0.273,19.874,-0.026
2003,0.806,-0.003,0.062,-1.583,-0.673,-20.062,0.169,0.15,20.637,1.986
2003,0.961,0.256,0.129,-1.008,-1.919,-9.156,0.223,0.18,21.009,1.165
2003,0.047,0.321,0.719,7.372,-0.9,21.184,-1.484,0.118,20.078,1.048
2003,0.636,0.865,0.203,1.282,0.999,3.05,-0.467,0.198,22.066,0.473
2003,0.857,0.202,0.302,2.455,1.126,-3.786,-0.497,0.203,21.49,0.817
2003,0.207,0.684,0.305,0.723,-0.005,3.981,-1.635,-0.17,19.549,0.434
2003,-0.163,0.632,0.168,5.079,1.294,10.1,-0.222,0.092,20.74,0.134
2003,0.994,1.092,0.128,-2.14,0.937,-1.677,-0.623,-0.037,20.705,0.992
2003,-0.052,-0.447,0.193,-3.757,0.252,1.221,-0.435,-0.159,21.982,0.228
2003,-0.087,0.502,0.008,-4.617,-0.774,-1.979,-0.148,-0.008,19.527,0.127
2003,-0.127,-0.573,0.357,0.724,-2.884,2.456,-0.151,-0.063,20.763,-0.055
2003,-0.077,0.156,0.383,3.164,1.439,6.122,0.487,-0.137,20.338,0.145
2003,1.024,0.273,0.075,-0.712,4.549,4.718,0.968,0.215,21.182,1.06
2003,0.82,1.05,0.153,0.633,-0.755,-0.739,-0.481,-0.182,20.774,1.736
2003,0.376,0.132,0.286,0.752,-0.699,4.321,0.122,0.025,22.174,0.513
2003,-0.836,0,0.219,2.71,-2.42,20.476,-0.473,0.093,21.236,0.106
2003,0.438,0.274,0.185,7.146,-1.201,3.195,0.035,0.175,20.856,0.36
2003,-0.262,0.035,0.145,6.113,-3.154,10.493,0.715,-0.203,21.03,-0.251
2003,-0.943,-0.321,0.276,7.757,-5.385,23.453,0.592,0.031,20.433,-0.394
2003,0.26,0.828,0.228,-2.11,0.528,-3.66,-0.101,0.338,22.626,0.768
2003,-0.136,-0.218,0.687,-3.293,2.974,0.439,0.027,0.188,21.034,0.504
2003,-0.007,0.539,0.068,1.421,0.955,5.271,0.987,0.213,21.643,0.366
2003,-0.585,0.426,-0.205,-0.528,1.13,8.274,0.746,0.156,18.462,-0.252
2003,0.57,-0.097,0.351,-1.555,2.866,-3.978,1.562,-0.136,21.55,0.562
2003,-0.166,0.194,0.359,-0.979,0.864,3.527,-1.762,0.099,20.766,0.601
2003,-0.086,-0.826,0.335,6.206,1.267,17.288,-1.756,0.014,20.352,0.145
2003,0.512,0.012,-0.054,0.556,-0.33,1.564,0.419,0.089,21.358,0.557
2003,0.217,0.266,0.101,2.634,-2.319,9.078,0.204,-0.064,22.655,0.78
2003,-0.031,0.579,0.417,-0.308,3.148,3.017,-0.444,0.058,20.515,0.418
2003,-0.433,0.36,0.437,-1.148,3.041,-12.341,-1.458,0.339,21.533,0.378
2003,-0.219,0.044,0.432,3.986,-1.879,7.513,-0.129,0.054,21.267,-0.212
2003,-0.329,0.539,0.133,1.538,2.259,9.231,0.48,0.275,20.155,0.207
2003,-0.013,0.75,0.003,-0.485,-0.782,-2.945,1.227,0.083,22.715,-0.13
2003,-0.089,-0.067,-0.086,4.48,2.585,10.918,1.802,-0.019,21.913,-0.046
2003,-0.229,0.572,0.155,6.907,-3.033,26.082,-0.489,0.157,20.264,-0.321
2003,0.733,0.545,0.346,0.413,-1.63,5.612,-1.4,-0.015,22.129,1.031
2003,0.577,-0.375,0.06,3.28,-0.18,4.413,1.151,0.187,21.34,0.411
2003,-0.224,1.006,-0.034,-0.822,3.342,-0.648,0.42,0.161,21.712,0.679
2003,-0.273,-0.182,0.349,-0.204,1.562,-0.487,1.383,0.202,21.194,-0.006
2003,-0.593,-0.18,0.486,1.241,0.79,1.906,0.264,0.116,20.907,0.106
2003,0.535,0.581,-0.017,6.555,2.178,17.714,0.413,0.286,21.645,0.356
2003,0.642,0.298,0.4,-3.056,-3.469,-7.264,1.385,0.204,21.315,0.613
2003,-0.18,0.265,0.292,4.745,-2.12,5.124,1.408,0.147,21.067,0.236
2003,0.491,0.546,-0.083,0.24,0.231,9.921,0.399,0.037,20.908,0.512
2003,0.032,-0.18,0.167,-1.267,1.77,-5.808,2.04,0.164,20.446,0.291
2003,-0.592,0.292,0.342,-4.408,0.626,-8.514,1.3,0.095,20.866,-0.289
2003,0.83,1.181,0.242,-3.638,-0.914,-8.045,1.413,-0.123,21.453,1.731
2003,0.085,1.061,-0.027,-1.841,0.002,5.02,-0.423,0.03,20.394,0.015
2003,-0.284,0.688,0.2,-0.267,1.408,-2.19,1.213,0.074,20.969,0.057
2003,-0.767,0.67,-0.209,5.295,-3.05,20.697,1.988,0.175,20.689,-0.079
2003,-0.652,1.172,0.25,3.322,1.771,3.426,-0.609,0.355,21.241,0.001
2003,0.801,0.655,0.456,1.307,0.762,18.311,-0.005,-0.103,21.115,0.944
2003,-0.281,0.043,0.139,1.482,0.717,2.855,1.361,0.305,21.47,0.059
2003,0.044,0.747,0.319,-5.241,-2.243,-2.978,-0.432,0.177,22.295,0.761
2003,-0.151,0.037,0.267,1.994,0.229,10.242,0.209,0.171,20.332,0.394
2003,-0.717,-0.109,-0.038,4.48,2.161,9.072,1.477,0.225,21.557,-0.684
2003,0.196,0.263,0.001,1.086,2.939,-1.589,0.277,0.014,21.079,0.813
2003,-0.3,0.372,-0.186,5.176,-2.859,12.283,1.577,-0.091,20.789,-0.676
2003,0.087,0.695,-0.074,2.797,2.436,-14.042,0.915,0.281,23.017,0.782
2003,0.351,1.314,0.257,0.01,0.565,-5.945,-1.44,0.278,23.086,0.862
2003,-0.42,1.183,0.207,2.865,-2.116,9.287,0.142,0.146,20.779,0.092
2003,0.151,1.052,0.313,2.745,2.04,-0.257,-0.361,-0.221,22.702,0.246
2003,-0.295,-0.143,0.054,3.859,-0.418,11.64,-0.096,0.042,19.71,0.142
2003,0.141,0.209,0.047,2.619,1.257,7.801,0.706,-0.069,20.947,-0.237
2003,0.852,0.695,-0.023,-2.633,-1.004,-7.362,0.988,0.171,22.028,0.781
2003,-0.4,0.642,0.252,2.604,1.939,2.504,-0.539,0.32,21.269,0.151
2003,0.054,0.391,0.484,4.044,-4.467,19.105,-0.86,-0.029,21.465,0.547
2003,0.083,0.054,0.381,-1.473,-2.442,-0.697,0.637,0.101,19.428,0.445
2003,0.288,0.122,0.444,2.805,1.295,15.732,-0.296,0.11,21.438,0.352
2003,-0.718,0.781,0.268,5.602,-2.407,10.07,1.593,0.04,19.877,-0.448
2003,0.592,0.584,0.508,-3.394,-1.913,-16.976,0.873,0.193,22.582,0.883
2003,0.21,-0.222,0.34,1.209,-1.466,-4.581,0.039,0.101,22.338,0.813
2003,0.465,-0.414,0.388,-2.36,1.045,-10.507,0.106,0.088,22.284,0.084
2003,-0.397,0.985,0.406,-0.994,-1.246,-6.074,-1.643,0.18,22.537,0.386
2003,-0.719,0.876,0.078,3.793,-1.396,6.12,1.499,0.336,20.992,-0.029
2003,-0.933,0.83,0.263,5.314,0.591,14.666,0.859,0.169,20.224,0.115
2003,0.389,0.304,0.387,1.337,1.59,0.667,-1.34,0.157,21.863,0.211
2003,0.43,0.996,0.155,-4.967,-1.122,-17.322,0.192,0.182,22.227,0.418
2003,-0.052,-0.116,0.238,6.874,2.963,1.033,0.205,0.067,22.179,0.541
2003,0.657,0.501,0.259,2.683,0.833,6.953,-0.572,0.182,22.142,0.535
2003,-0.266,1.075,0.167,-3.917,-0.558,-6.716,-0.399,0.043,21.058,0.282
2003,-0.274,0.936,0.283,5.853,-2.149,15.877,-2.232,-0.037,22.192,0.132
2003,0.666,1.039,0.278,-2.399,1.053,-7.437,-0.884,0.239,20.971,0.162
2003,1.335,-0.062,0.413,-1.133,2.502,12.005,-0.607,0.066,20.785,1.017
2003,-0.825,1.098,0.13,1.064,-2.341,4.129,-0.846,0.315,23.319,-0.657
2003,-0.204,1.071,0.306,-2.333,-0.809,0.531,-0.634,0.034,20.819,0.17
2003,-0.675,1.22,0.358,2.262,0.713,-0.08,-1.666,-0.116,22.222,-0.099
2003,-0.225,0.42,0.426,0.155,3.706,-0.616,-1.106,0.178,20.37,-0.215
2003,0.106,0.353,0.507,2.809,-1.249,10.393,-0.927,0.221,20.09,1.296
2003,-0.269,-0.992,0.297,5.985,2.697,8.186,-0.521,0.182,21.304,-0.014
2003,0.13,0.227,0.258,5.16,-2.122,11.715,-2.8,0.178,22.155,-0.4
2003,-0.363,1.054,0.189,-5.865,0.17,-15.596,-0.803,0.316,22.11,0.155
2003,0.314,-0.221,-0.011,0.941,0.486,8.247,1.046,0.061,19.636,0.716
2003,0.171,-0.487,0.388,-1.163,-0.277,-8.015,-0.853,0.1,20.59,0.836
2003,-0.743,1.123,0.093,8.891,0.572,20.335,-0.262,0.044,20.417,-0.372
2003,0.109,0.443,0.009,0.076,-2.708,16.278,0.01,0.157,19.731,0.7
2003,0.419,0.307,0.21,0.089,-1.042,-7.632,0.226,0.132,23.224,0.79
2003,-0.152,0.612,0.141,3.873,2.356,16.89,1.113,0.239,21.382,0.618
2003,0.505,0.324,0.369,-2.138,-2.768,-6.103,-1.125,0.386,22.489,1.08
2003,-0.064,0.633,0.132,-1.603,-0.63,8.684,-1.631,0.193,20.692,-0.262
2003,-0.074,0.976,0.003,3.055,-3.301,-1.791,-0.928,0.25,21.385,-0.047
2003,0.302,0.468,0.219,1.357,-1.612,-0.641,0.546,0.249,20.936,0.862
2003,-0.471,0.154,0.485,0.895,-0.954,12.3,-0.074,0.162,19.873,0.478
2003,-0.076,0.533,0.282,1.064,0.476,4.847,1.042,-0.135,20.88,0.118
2003,0.022,0.273,-0.086,4.341,0.609,3.452,-0.866,0.052,20.544,-0.616
2003,-0.882,0.127,0.284,3.236,-1.614,13.3,-1.205,0.128,20.028,-0.767
2003,-0.321,-0.122,-0.326,4.98,1.103,11.969,3.417,0.227,22.382,-0.203
2003,-0.099,1.149,0.271,-3.611,-3.233,-10.685,-0.177,0.079,21.75,0.505
2003,-0.198,0.568,-0.077,-0.392,-2.027,-2.276,0.344,0.133,20.172,0.777
2003,0.334,1.236,-0.269,-0.79,-0.731,3.325,1.169,0.059,20.383,0.915
2003,0.367,1.08,-0.129,4.994,6.164,13.13,0.214,0.191,22.527,1.5
2003,-0.046,1.012,-0.043,1.458,1.639,14.497,-0.074,0.143,21.43,0.572
2003,-0.445,0.199,0.077,5.83,-0.018,13.243,0.075,0.326,21.45,-0.259
2003,0.511,0.778,0.508,0.291,-1.011,-11.176,-0.01,0.119,21.537,0.7
2003,0.092,0.851,0.115,0.324,2.514,-0.056,0.156,0.262,21.737,-0.108
2003,-0.294,0.31,0.051,-0.217,-0.274,0.074,0.443,0.014,18.946,0.226
2003,-0.737,0.651,0.217,-0.197,3.231,-8.691,-0.001,0.164,20.742,-0.704
2003,-0.002,0.309,0.222,5.837,2.926,4.643,0.61,0.074,22.628,0.415
2003,0.347,1.248,0.455,-1.383,-0.883,-7.779,-0.404,0.056,22.587,0.549
2003,0.767,1.002,0.156,-0.178,-0.412,-1.118,1.29,0.072,20.601,0.88
2003,0.473,-0.872,0.276,1.413,1.328,9.285,0.013,0.284,21.545,0.434
2003,-0.974,0.12,0.486,-0.121,-1.461,4.068,-1.571,0.028,20.628,-0.054
2003,0.283,0.247,0.388,1.495,1.711,-0.89,-0.527,0.105,22.005,0.496
2003,0.675,1.23,0.014,0.326,-2.994,-2.53,1.004,0.37,20.243,0.256
2003,-0.348,0.429,0.208,5.476,1.522,2.859,0.04,0.219,21.729,-0.72
2003,0.181,0.161,-0.156,1.649,1.537,8.936,1.465,-0.013,20.846,0.224
2003,0.084,0.633,0.478,4.738,2.396,12.93,-0.113,-0.186,21.957,1.119
2003,-0.447,0.253,0.076,0.42,2.136,-1.322,0.388,0.087,23.095,0.886
2003,0.155,0.375,0.703,-0.371,-5.782,-4.96,-0.562,0.081,19.305,0.086
2003,-0.977,0.808,-0.021,-1.779,-0.22,-7.608,0.364,0.002,20.54,-0.15
2003,-0.378,-0.264,0.069,2.946,1.001,2.87,1.734,0.191,20.445,0.404
2003,0.69,-0.27,0.635,4.223,1.308,8.294,-0.592,-0.019,21.709,0.527
2003,0.818,0.054,0.31,-2.925,-2.946,-3.976,-0.1,-0.011,21.346,1.222
2003,0.252,1.407,0.34,-5.573,3.124,-4.91,0.255,-0.042,21.712,0.048
2003,-0.11,-0.126,0.358,1.89,-2.726,18.035,-0.218,0.172,19.9,-0.253
2003,-0.052,0.844,0.395,1.307,-4.262,-0.387,-0.028,0.109,22.195,0.137
2003,-0.404,0.522,-0.078,-0.014,1.591,-0.755,0.739,-0.076,20.769,-0.182
2003,-0.056,0.182,0.474,0.898,3.376,-1.077,0.088,0.231,22.304,0.1
2003,-0.183,1.131,0.275,1.882,-1.674,8.249,0.056,0.163,21.623,0.008
2003,0.451,0.312,0.396,1.704,-0.169,10.728,-0.42,0.194,22.295,0.513
2003,0.493,0.426,0.415,2.883,-1.809,13.094,-1.082,0.118,21.161,0.572
2003,-0.755,-0.031,0.346,1.071,4.716,1.458,0.509,0.256,21.508,-0.054
2003,-0.68,0.447,0.337,4.253,-1.077,22.722,-0.455,0.07,20.621,-0.539
2003,0.167,0.545,0.483,-2.352,1.002,2.19,-1.418,0.324,21.356,0.163
2003,-0.342,-0.075,0.387,0.828,-1.619,9.887,-0.027,-0.245,21.721,0.345
2003,-0.56,-0.322,0.326,3.949,-0.498,-0.072,-0.655,0.077,21.985,0.152
2003,0.493,0.639,0.212,2.461,5.449,1.108,0.523,0.171,19.993,0.714
2003,-0.368,0.479,0.345,6.982,-2.423,16.891,0.469,0.23,21.278,-0.334
2003,-0.381,0.146,0.309,-2.466,-0.859,0.73,0.847,-0.042,20.117,0.003
2003,-0.235,0.401,-0.181,5.439,-1.95,27.422,0.765,0.428,21.296,-0.451
2003,-0.336,0.943,0.217,2.448,2.013,19.688,-1.088,0.224,20.322,0.536
2003,0.155,0.239,0.427,1.708,1.528,10.32,0.873,0.007,21.626,0.529
2003,-0.771,0.964,-0.147,5.921,2.14,9.201,0.617,0.165,20.094,-0.276
2003,-0.166,0.537,0.127,-4.31,-0.793,-18.755,1.269,0.192,20.815,0.285
2003,-0.278,0.029,-0.257,-0.272,2.23,9.767,-0.063,0.226,21.659,0.538
2003,-0.489,0.422,0.147,1.261,0.018,5.328,0.614,-0.027,20.262,-0.345
2003,-0.294,-0.244,0.458,2.642,1.533,-3.256,-1.058,-0.033,21.22,0.68
2003,0.17,0.98,0.064,3.121,2.44,-1.353,-0.942,0.124,21.793,0.427
2003,0.252,0.85,0.34,-1.729,3.519,-6.775,-1.019,-0.339,20.552,0.321
2003,0.167,0.42,0.553,-1.315,1.104,2.201,1.906,0.043,22.303,0.967
2003,-0.917,0.766,-0.034,3.915,-2.432,14.097,1.432,0.025,20.186,-0.525
2003,0.807,0.412,0.302,1.343,2.735,6.67,-0.505,0.275,20.937,0.425
2003,0.414,0.015,0.377,6.395,4.362,11.589,0.18,-0.101,22.402,0.589
2003,1.35,0.47,-0.038,5.907,2.753,5.716,1.936,0.296,20.822,0.494
2003,0.324,0.969,-0.08,-0.261,5.273,1.4,0.069,0.284,20.704,1.211
2003,0.229,-0.218,0.493,0.383,-0.169,13.134,-1.302,0.219,20.608,0.335
2003,0.887,0.492,0.109,1.761,-0.452,5.208,-0.11,0.04,21.579,0.957
2003,-0.117,0.389,0.238,0.832,-3.725,1.643,0.766,0.147,21.326,0.191
2003,-0.534,-0.272,-0.002,1.197,0.08,-9.235,0.209,0.067,20.506,0.38
2003,-0.013,1.023,0.208,-0.688,3.381,-4.761,-1.57,0.486,20.471,0.327
2003,0.283,-0.173,0.36,0.874,-7.785,5.042,1.296,-0.043,21.007,0.568
2003,-0.549,0.048,0.48,4.474,-1.047,20.081,0.535,0.144,19.323,-0.214
2003,-0.288,-0.477,0.518,0.2,-2.911,2.244,-0.523,0.003,19.926,0.329
2003,0.977,0.849,-0.155,1.289,-0.958,-4.377,0.269,0.424,20.284,1.41
2003,0.839,0.035,0.113,-3.233,-1.211,-17.073,0.35,0.104,20.824,0.845
2003,0.957,0.641,0.175,3.907,-1.369,8.877,-0.432,-0.006,21.919,0.696
2003,0.272,1.232,0.35,-0.419,1.107,-3.781,-1.958,0.129,22.057,0.595
2003,0.56,0.616,0.232,-1.473,2.534,-2.362,0.72,0.458,20.894,0.967
2003,-0.271,0.594,0.163,6.548,4.025,6.863,-0.136,-0.18,21.268,0.207
2003,-0.312,0.026,0.046,0.348,0.767,-0.524,1.545,0.316,20.561,0.375
2003,-0.153,-0.25,0.196,5.1,-0.375,23.632,0.62,-0.027,19.853,0.247
2003,-0.407,0.279,-0.055,6.989,-1.785,14.962,2.898,0.048,20.257,-0.631
2003,-1.324,0.972,0.06,1.778,-0.986,14.43,0.125,0.216,19.634,-0.555
2003,0.581,0.706,0.017,-0.106,0.942,-7.539,1.023,0.173,21.977,0.704
2003,0.43,0.585,0.13,0.013,-0.202,4.184,0.192,0.131,21.009,0.739
2003,1.002,0.651,0.573,-1.396,3.095,5.675,-2.581,0.005,19.922,0.357
2003,0.467,0.218,0.141,0.626,-2.069,1.6,0.638,0.043,22.278,0.441
2003,0.246,0.433,-0.068,-2.124,0.933,-4.571,0.468,-0.014,23.06,0.567
2003,-0.556,0.5,0.152,3.306,-1.889,4.171,0.519,-0.199,20.404,0.646
2003,-0.038,0.694,0.347,-1.301,0.178,6.167,-1.398,0.168,22.577,0.588
2003,0.586,0.536,0.158,4.9,0.115,15.899,0.032,-0.003,21.488,1.004
2003,0.758,0.126,0.296,2.439,-0.496,10.971,0.627,0.212,20.173,1.323
2003,0.142,1.345,-0.047,2.047,0.644,1.513,0.417,0.358,21.241,0.669
2003,0.16,0.784,0.074,3.796,0.871,0.669,-0.659,0.17,21.592,0.571
2003,0.931,0.685,0.176,0.936,-2.149,7.695,-2.014,0.048,21.797,1.343
2003,0.572,-0.185,0.205,-0.712,-1.746,-15.537,0.528,0.228,22.525,0.485
2003,-0.034,0.039,-0.019,-0.081,3.547,-1.7,1.358,0.178,19.666,0.577
2003,0.821,-0.616,0.342,3.11,4.217,5.517,-0.634,0.246,20.416,0.515
2003,1.371,0.662,0.017,-1.08,3.428,-3.091,-0.243,0.146,22.216,1.671
2003,0.561,-0.099,0.104,3.837,0.79,8.829,0.249,0.145,20.365,1.069
2003,0.991,0.125,0.573,-1.84,1.272,5.568,-1.723,0.27,19.911,1.472
2003,-0.863,0.722,-0.009,-0.664,-0.435,1.995,-0.637,0.174,20.703,-0.116
2003,0.323,0.745,0.523,-1.179,-0.838,1.683,-0.075,-0.057,22.378,0.375
2003,-0.433,0.768,0.026,7.926,-0.127,25.687,0.555,0.163,20.956,0.598
2003,0.372,0.721,0.308,3.149,1.292,7.789,-1.062,0.059,21.98,0.706
2003,-0.163,0.783,0.154,2.322,3.417,13.886,-0.254,0.096,20.566,0.125
2003,-1.039,0.145,-0.033,4.815,0.167,9.77,-0.342,0.27,21.883,-0.328
2003,-0.14,0.32,0.163,2.292,2.553,8.728,-1.046,0.085,20.466,0.532
2003,0.791,0.522,-0.019,-1.426,0.699,-2.351,-1.427,0.207,21.794,0.837
2003,0.606,1.802,-0.083,5.425,-1.62,16.251,-0.039,0.003,20.91,0.285
2003,0.818,1.316,0.109,-7.882,-1.925,-14.617,0.01,0.177,18.535,0.597
2003,-0.839,0.998,-0.02,6.707,0.354,16.331,1.409,0.223,21.156,-0.103
2003,-0.652,0.237,0.71,2.059,-0.267,8.241,-0.663,0.127,21.047,-0.456
2003,0.692,0.822,0.108,-2.28,4.752,2.761,0.398,-0.012,21.168,0.397
2003,0.412,0.78,0.32,-0.448,-2.193,-4.643,-0.282,-0.005,21.671,0.631
2003,0.007,-0.493,0.246,4.956,-1.656,7.5,1.48,0.011,23.343,0.224
2003,-0.404,0.45,0.104,2.253,-2.457,5.12,1.748,0.294,20.994,-0.051
2003,0.311,0.118,0.19,2.866,-2.56,14.163,0.794,-0.118,20.24,0.904
2003,0.328,0.129,-0.044,5.511,0.267,5.411,1.606,0.182,21.918,0.543
2003,0.804,0.307,0.04,0.402,-0.784,4.097,0.498,-0.057,21.577,0.94
2003,0.425,0.461,0.524,1.467,0.113,0.323,-0.615,0.231,21.566,-0.131
2003,-0.188,-0.176,0.694,5.89,-0.051,21.536,-0.366,0.046,19.892,0.815
2003,0.185,1.134,0.464,-1.41,-0.424,-15.936,-0.533,0.299,22.838,0.232
2003,-0.302,0.927,0.057,2.952,2.439,8.086,1.095,0.29,20.649,0.079
2003,-0.253,0.553,0.138,3.786,1.354,1.605,-0.208,-0.047,21.337,-0.162
2003,0.199,-0.153,0.296,0.952,0.203,2.432,1.068,0.155,21.557,0.165
2003,0.664,0.424,0.454,-0.363,2.771,-3.396,0.325,0.259,21.797,0.759
2003,1.284,-0.161,0.089,-3.879,-1.308,-22.952,1.352,0.124,21.544,1.515
2003,0.185,0.915,0.297,2.897,0.549,5.165,-0.236,0.134,21.207,0.141
2003,0.044,0.556,0.354,-2.443,3.376,-15.87,-0.913,0.085,19.855,0.598
2003,0.34,0.192,0.043,-0.035,1.352,11.581,1.017,-0.079,20.416,0.356
2003,-0.12,-0.085,0.317,4.446,2.495,24.541,0.79,0.199,19.757,1.233
2003,0.001,-0.026,0.085,5.767,0.767,9.08,1.164,0.101,20.403,0.499
2003,-0.681,0.938,0.152,3.655,-2.76,10.459,0.254,0.147,23.685,-0.623
2003,0.099,0.713,0.457,-1.134,-2.277,-7.649,-0.085,0.135,21.266,0.845
2003,0.554,0.031,0.469,1.252,1.459,0.728,-0.023,0.051,21.103,0.801
2003,0.136,0.106,0.06,1.093,-1.22,10.409,1.719,0.182,20.553,0.274
2003,1.124,0.041,0.232,-1.266,1.347,2.624,-1.293,0.086,21.03,0.618
2003,0.14,0.321,0.394,3.341,3.057,18.099,-0.623,-0.065,21.396,0.531
2003,0.426,1,0.197,-1.78,5.436,-6.661,-0.813,0.162,21.598,0.546
2003,1.076,1.59,0.334,-2.099,-0.827,-4.594,-0.651,0.02,20.888,0.856
2003,0.364,0.574,0.35,0.959,0.382,10.071,0.418,0.257,21.574,0.808
2003,0.683,0.197,0.038,0.579,-2.666,-6.622,1.218,0.4,22.153,1.09
2003,-0.224,-0.713,0.519,1.831,1.114,1.188,0.347,0.007,20.731,-0.402
2003,0.577,0.484,-0.149,-1.805,3.762,-8.311,1.162,0.033,21.137,0.259
2003,-0.113,0.467,0.419,4.766,3.524,10.972,1.138,0.157,22.099,0.155
2003,-0.56,1.272,0.054,-4.892,-2.259,-10.411,-0.853,0.108,21.578,-0.097
2003,0.048,0.962,0.014,0.522,2.578,6.923,0.776,0.043,21.99,1.197
2003,0.064,0.721,0.247,-0.965,2.719,0.677,-0.662,0.142,21.481,0.979
2003,-0.473,-0.157,0.387,2.145,-0.143,6.816,0.989,0.218,19.582,-0.133
2003,0.4,0.399,0.132,-4.837,-0.299,-18.568,1.349,-0.038,22.62,1.007
2003,0.493,0.056,0.239,0.068,1.379,7.419,0.363,0.276,21.334,0.987
2003,-0.127,0.955,0.174,2.458,0.979,9.424,2.701,0.03,20.122,0.429
2003,-0.303,0.35,0.129,4.593,1.114,5.225,0.313,0.117,21.179,-0.43
2003,0.493,0.707,0.12,4.957,0.661,19.337,0.403,-0.086,21.184,0.519
2003,0.245,0.765,0.191,3.341,-1.533,17.178,0.067,0.277,19.765,0.127
2003,-0.192,1.24,0.404,-1.794,-1.311,-1.28,-0.652,0.112,21.455,-0.083
2003,-0.369,0.3,0.421,1.274,1.384,17.871,1.269,-0.088,21.039,0.777
2003,0.236,0.761,0.041,2.948,1.31,4.682,0.697,0.081,19.15,1.086
2003,-0.283,0.828,0.219,3.203,3.181,10.44,-0.643,0.159,18.816,-0.376
2003,-0.149,0.692,0.191,-4.005,-1.556,-9.607,-0.634,-0.02,21.034,0.684
2003,0.014,0.022,0.547,-0.36,2.453,0.944,0.684,0.155,22.27,-0.089
2003,-0.526,0.379,-0.077,5.672,1.932,27.112,0.778,0.006,21.08,-0.462
2003,-0.244,0.634,0.65,1.451,1.601,14.196,-1.113,0.169,20.591,-0.801
2003,0.518,0.35,0.39,-2.578,0.215,-10.115,0.514,-0.048,23.123,1.55
2003,-0.008,0.873,-0.064,2.56,0.154,-2.363,2.408,0.135,21.349,0.134
2003,-0.552,0.145,0.75,1.033,-0.449,3.932,-0.709,0.103,21.269,0.082
2003,-0.44,-0.002,0.214,-3.265,3.124,2.004,0.951,-0.084,19.704,-0.573
2003,-0.212,0.516,-0.244,3.749,-3.963,13.903,1.089,0.023,18.546,-0.359
2003,-1.158,0.269,0.274,7.651,-3.734,16.674,0.54,0.04,21.339,-1.164
2003,0.175,-0.504,0.301,0.058,-0.13,-2.776,0.208,-0.06,20.01,0.177
2003,0.138,0.433,0.345,-1.93,-0.788,3.671,0.909,-0.087,19.964,-0.087
2003,0.96,0.515,0.01,-0.184,-0.771,7.207,-0.241,0.195,21.998,0.448
2003,-0.146,0.093,0.027,-2.777,-2.679,-4.187,1.525,-0.094,22.267,0.945
2003,-0.195,-0.282,0.507,-0.353,2.227,10.028,-0.566,0.113,20.806,-0.107
2003,0.369,1.365,0.068,-2.34,3.154,-12.52,0.72,0.316,21.28,0.457
2003,0.21,0.859,0.236,2.371,-1.158,2.53,-0.711,0.349,21.463,0.422
2003,0.016,0.349,0.272,-1.09,-0.002,-0.823,0.136,0.005,21.844,0.34
2003,-0.496,0.377,-0.139,3.495,3.745,17.669,0.558,0.1,22.089,0.47
2003,-0.278,0.439,0.105,-0.35,-1.201,4.749,1.009,0.081,20.392,-0.332
2003,-0.506,0.572,-0.194,0.059,-0.854,-1.292,1.112,0.126,21.818,0.156
2003,1.601,0.443,0.272,1.856,-0.54,1.244,0.401,-0.063,23.213,1.477
2003,-0.279,0.388,0.242,3.839,1.715,8.177,-0.32,0.108,21.482,-0.487
2003,0.535,0.054,0.496,0.646,0.338,6.396,-1.272,0.609,21.788,0.193
2003,0.028,0.324,0.388,-2.582,1.299,-5.022,-1.03,-0.088,21.591,0.89
2003,0.749,-0.097,0.465,0.923,-2.812,1.962,-0.161,0.207,21.828,0.436
2003,0.316,0.861,0.341,4.955,-0.164,1.853,0.109,0.146,21.462,1.137
2003,0.448,0.588,-0.227,0.794,-3.173,1.313,0.554,0.196,22.311,0.93
2003,0.304,1.063,0.135,1.19,-0.629,6.409,-0.358,0.312,21.702,-0.237
2003,0.363,0.765,0.457,-4.39,-4.03,-14.028,-0.653,0.111,21.735,0.832
2003,0.121,0.592,0.306,0.786,1.126,2.525,0.557,0.113,22.644,0.508
2003,0.168,1.221,0.217,-1.933,1.246,-5.453,0.192,0.023,20.791,0.533
2003,0.103,-0.346,0.452,-2.401,2.642,5.563,0.977,-0.018,19.817,0.5
2003,-0.654,0.273,0.07,-3.864,-2.55,-14.794,0.308,0.119,21.087,-0.124
2003,-0.9,-0.349,0.373,-0.396,-2.945,-3.648,1.034,0.011,21.451,-0.397
2003,-0.268,-0.19,0.329,1.499,0.217,-0.215,0.764,0.021,19.693,-0.132
2003,-0.438,-0.034,0.141,-1.285,0.521,6.263,-0.125,0.013,21.949,0.386
2003,-0.173,0.635,0.389,2.67,-2.024,12.735,-1.368,0.074,18.997,0.446
2003,0.956,0.882,-0.051,3.223,1.331,8.052,1.009,0.194,21.347,0.73
2003,0.591,0.284,0.383,-6.063,1.831,-10.6,-0.029,-0.065,21.68,0.594
2003,0.275,0.346,0.323,0.787,-0.62,-1.89,0.492,-0.024,21.42,0.495
2003,0.506,0.798,0.268,1.579,-1.794,1.408,-0.554,0.222,22.667,0.39
2003,0.505,0.815,0.322,0.388,0,12.841,-0.625,0.164,21.512,0.723
2003,0.912,0.364,0.186,1.22,4.402,-3.363,0.055,0.194,22.542,0.867
2003,-0.22,0.466,0.108,4.772,0.071,3.501,0.425,0.134,21.093,-0.037
2003,1.009,0.683,0.475,0.03,2.427,-10.169,-1.018,0.089,21.209,0.744
2003,-0.007,0.126,-0.034,1.724,-0.964,2.133,1.397,-0.064,21.268,-0.449
2003,-0.426,-0.067,0.29,3.015,-0.971,6.839,1.223,0.06,20.584,-0.872
2003,-0.332,-0.596,0.207,-2.585,-4.332,0.254,0.617,0.259,20.783,0.133
2003,-0.017,0.43,0.144,1.048,1.746,6.304,-0.404,0.109,20.197,0.543
2003,-0.717,0.839,0.288,0.41,0.641,-2.651,1.274,0.301,20.14,0.493
2003,-0.162,1.335,0.217,-2.625,3.562,0.569,-0.848,0.124,19.719,0.604
2003,0.358,0.324,0.146,4.345,1.528,12.692,0.998,0.09,23.123,1.073
2003,-0.418,0.887,-0.345,2.677,-4.352,10.363,0.161,0.256,21.232,0.673
2003,0.023,0.3,0.227,5.417,-0.043,18.375,-0.432,0.162,20.704,0.327
2003,0.255,0.319,0.341,-1.323,-0.209,0.94,-0.801,0.191,20.316,0.437
2003,-0.229,-0.07,0.17,4.394,0.227,14.72,0.028,0.292,21.065,0.29
2003,-0.084,1.084,0.122,1.157,-3.909,-14.791,0.116,0.171,21.351,0.75
2003,-1.047,0.663,0.215,1.945,1.878,3.107,1.185,0.154,21.141,-0.037
2003,0.023,0.683,0.254,4.222,2.76,6.324,1.33,0.391,20.65,0.283
2003,0.246,0.815,0.131,2.886,-1.514,3.515,-0.105,0.077,20.903,0.084
2003,0.339,0.23,0.325,0.836,1.303,17.072,0.094,0.005,19.861,0.668
